date,account_id,currency,balance,inflow,outflow,net_flow,day_of_week,day_of_week_num,is_weekend,day_of_month,is_month_end,bank_name,account_type
2025-01-01,ACC-001,COP,2579043824.12,94044817.48,15000993.36,79043824.12,Wednesday,2,0,1,0,Banco Aurora,operational
2025-01-02,ACC-001,COP,2561627958.95,125757477.77,143173342.95,-17415865.179999992,Thursday,3,0,2,0,Banco Aurora,operational
2025-01-03,ACC-001,COP,2561627958.95,0.0,0.0,0.0,Friday,4,0,3,0,Banco Aurora,operational
2025-01-04,ACC-001,COP,2588018042.02,38926524.28,12536441.22,26390083.060000002,Saturday,5,1,4,0,Banco Aurora,operational
2025-01-05,ACC-001,COP,2617987216.05,29969174.04,0.0,29969174.04,Sunday,6,1,5,0,Banco Aurora,operational
2025-01-06,ACC-001,COP,2619401324.43,136095932.88,134681824.51,1414108.3700000048,Monday,0,0,6,0,Banco Aurora,operational
2025-01-07,ACC-001,COP,2544669116.43,82906062.15,157638270.14,-74732207.98999998,Tuesday,1,0,7,0,Banco Aurora,operational
2025-01-08,ACC-001,COP,2623986567.63,106081488.11,26764036.92,79317451.19,Wednesday,2,0,8,0,Banco Aurora,operational
2025-01-09,ACC-001,COP,2705830898.71,102909524.63,21065193.55,81844331.08,Thursday,3,0,9,0,Banco Aurora,operational
2025-01-10,ACC-001,COP,2763219962.94,140598376.17,83209311.94,57389064.22999999,Friday,4,0,10,0,Banco Aurora,operational
2025-01-11,ACC-001,COP,2783608218.16,20388255.22,0.0,20388255.22,Saturday,5,1,11,0,Banco Aurora,operational
2025-01-12,ACC-001,COP,2877211972.92,118480201.55,24876446.79,93603754.75999999,Sunday,6,1,12,0,Banco Aurora,operational
2025-01-13,ACC-001,COP,2865976872.21,55506610.73,66741711.45,-11235100.720000006,Monday,0,0,13,0,Banco Aurora,operational
2025-01-14,ACC-001,COP,2872200707.92,124118951.53000003,117895115.82,6223835.710000038,Tuesday,1,0,14,0,Banco Aurora,operational
2025-01-15,ACC-001,COP,2865157469.24,115802293.72,122845532.4,-7043238.680000007,Wednesday,2,0,15,0,Banco Aurora,operational
2025-01-16,ACC-001,COP,3041942170.29,239358664.58,62573963.52,176784701.06,Thursday,3,0,16,0,Banco Aurora,operational
2025-01-17,ACC-001,COP,3058789206.46,52302946.13,35455909.97,16847036.160000004,Friday,4,0,17,0,Banco Aurora,operational
2025-01-18,ACC-001,COP,3017113748.73,83809250.71,125484708.43,-41675457.72000001,Saturday,5,1,18,0,Banco Aurora,operational
2025-01-19,ACC-001,COP,3044724302.69,27610553.96,0.0,27610553.96,Sunday,6,1,19,0,Banco Aurora,operational
2025-01-20,ACC-001,COP,2926355012.42,28583779.22,146953069.49,-118369290.27000001,Monday,0,0,20,0,Banco Aurora,operational
2025-01-21,ACC-001,COP,2935141386.24,142166289.61,133379915.79,8786373.820000008,Tuesday,1,0,21,0,Banco Aurora,operational
2025-01-22,ACC-001,COP,2863401318.66,39220114.47,110960182.05,-71740067.58,Wednesday,2,0,22,0,Banco Aurora,operational
2025-01-23,ACC-001,COP,2850372643.11,94254997.05,107283672.6,-13028675.549999997,Thursday,3,0,23,0,Banco Aurora,operational
2025-01-24,ACC-001,COP,2890836050.66,147608598.0099997,107145190.46,40463407.5499997,Friday,4,0,24,0,Banco Aurora,operational
2025-01-25,ACC-001,COP,2932705076.65,83755727.69,41886701.71,41869025.98,Saturday,5,1,25,0,Banco Aurora,operational
2025-01-26,ACC-001,COP,2905271906.18,56390009.13,83823179.6,-27433170.46999999,Sunday,6,1,26,0,Banco Aurora,operational
2025-01-27,ACC-001,COP,2835521500.28,3.8743019104003906e-07,69750405.9,-69750405.89999962,Monday,0,0,27,0,Banco Aurora,operational
2025-01-28,ACC-001,COP,2841795459.79,51721850.65,45447891.14,6273959.509999998,Tuesday,1,0,28,0,Banco Aurora,operational
2025-01-29,ACC-001,COP,2710356483.09,65706413.79,197145390.49,-131438976.70000002,Wednesday,2,0,29,0,Banco Aurora,operational
2025-01-30,ACC-001,COP,2580658507.79,22642920.05,152340895.35,-129697975.3,Thursday,3,0,30,0,Banco Aurora,operational
2025-01-31,ACC-001,COP,2519683033.08,0.0,60975474.71,-60975474.71,Friday,4,0,31,1,Banco Aurora,operational
2025-02-01,ACC-001,COP,2490992078.52,40488349.82,69179304.37,-28690954.550000004,Saturday,5,1,1,0,Banco Aurora,operational
2025-02-02,ACC-001,COP,2483885237.31,74183399.35,81290240.57,-7106841.219999999,Sunday,6,1,2,0,Banco Aurora,operational
2025-02-03,ACC-001,COP,2485973360.17,52861730.65,50773607.789999865,2088122.8600001335,Monday,0,0,3,0,Banco Aurora,operational
2025-02-04,ACC-001,COP,2546213479.44,127901830.42,67661711.14,60240119.28,Tuesday,1,0,4,0,Banco Aurora,operational
2025-02-05,ACC-001,COP,2536874427.61,0.0,9339051.83,-9339051.83,Wednesday,2,0,5,0,Banco Aurora,operational
2025-02-06,ACC-001,COP,2441956444.51,17792858.03,112710841.13,-94917983.1,Thursday,3,0,6,0,Banco Aurora,operational
2025-02-07,ACC-001,COP,2403614088.72,81953629.44,120295985.23,-38342355.79000001,Friday,4,0,7,0,Banco Aurora,operational
2025-02-08,ACC-001,COP,2366490729.57,3169607.06,40292966.21,-37123359.15,Saturday,5,1,8,0,Banco Aurora,operational
2025-02-09,ACC-001,COP,2419910526.64,65409235.45,11989438.38,53419797.07,Sunday,6,1,9,0,Banco Aurora,operational
2025-02-10,ACC-001,COP,2482749624.54,100231195.94,37392098.0399999,62839097.900000095,Monday,0,0,10,0,Banco Aurora,operational
2025-02-11,ACC-001,COP,2478943820.59,51948193.71,55753997.66,-3805803.9499999955,Tuesday,1,0,11,0,Banco Aurora,operational
2025-02-12,ACC-001,COP,2369696014.9,257832.12,109505637.81,-109247805.69,Wednesday,2,0,12,0,Banco Aurora,operational
2025-02-13,ACC-001,COP,2336407919.91,43282359.07,76570454.06,-33288094.990000002,Thursday,3,0,13,0,Banco Aurora,operational
2025-02-14,ACC-001,COP,2333733637.2,98172745.13,100847027.84,-2674282.7100000083,Friday,4,0,14,0,Banco Aurora,operational
2025-02-15,ACC-001,COP,2376433412.76,66825593.92000042,24125818.36,42699775.56000042,Saturday,5,1,15,0,Banco Aurora,operational
2025-02-16,ACC-001,COP,2354119885.22,3368694.65,25682222.18,-22313527.53,Sunday,6,1,16,0,Banco Aurora,operational
2025-02-17,ACC-001,COP,2354119885.22,0.0,0.0,0.0,Monday,0,0,17,0,Banco Aurora,operational
2025-02-18,ACC-001,COP,2337479013.57,0.0,16640871.64,-16640871.64,Tuesday,1,0,18,0,Banco Aurora,operational
2025-02-19,ACC-001,COP,2409079109.4,93485967.04,21885871.21,71600095.83000001,Wednesday,2,0,19,0,Banco Aurora,operational
2025-02-20,ACC-001,COP,2303236769.7,49496785.56,155339125.26,-105842339.69999999,Thursday,3,0,20,0,Banco Aurora,operational
2025-02-21,ACC-001,COP,2235649464.82,48583096.14,116170401.02,-67587304.88,Friday,4,0,21,0,Banco Aurora,operational
2025-02-22,ACC-001,COP,2218515310.83,0.0,17134153.99,-17134153.99,Saturday,5,1,22,0,Banco Aurora,operational
2025-02-23,ACC-001,COP,2208922066.6,0.0,9593244.23,-9593244.23,Sunday,6,1,23,0,Banco Aurora,operational
2025-02-24,ACC-001,COP,2321594108.29,112672041.69,0.0,112672041.69,Monday,0,0,24,0,Banco Aurora,operational
2025-02-25,ACC-001,COP,2328366665.01,94861707.53,88089150.81,6772556.719999999,Tuesday,1,0,25,0,Banco Aurora,operational
2025-02-26,ACC-001,COP,2363632691.19,35266026.18,0.0,35266026.18,Wednesday,2,0,26,0,Banco Aurora,operational
2025-02-27,ACC-001,COP,2394455774.2999997,75171172.3,44348089.2,30823083.099999994,Thursday,3,0,27,0,Banco Aurora,operational
2025-02-28,ACC-001,COP,2402287085.29,85761995.67,77930684.68,7831310.989999995,Friday,4,0,28,1,Banco Aurora,operational
2025-03-01,ACC-001,COP,2510938597.54,125025763.63,16374251.37,108651512.25999999,Saturday,5,1,1,0,Banco Aurora,operational
2025-03-02,ACC-001,COP,2467544830.7,0.0,43393766.83,-43393766.83,Sunday,6,1,2,0,Banco Aurora,operational
2025-03-03,ACC-001,COP,2392334626.17,87597636.93,162807841.46,-75210204.53,Monday,0,0,3,0,Banco Aurora,operational
2025-03-04,ACC-001,COP,2416152720.8700004,121716677.54,97898582.83,23818094.71000001,Tuesday,1,0,4,0,Banco Aurora,operational
2025-03-05,ACC-001,COP,2571515324.19,160873663.18,5511059.86,155362603.32,Wednesday,2,0,5,0,Banco Aurora,operational
2025-03-06,ACC-001,COP,2584811627.6,36017187.97,22720884.57,13296303.399999999,Thursday,3,0,6,0,Banco Aurora,operational
2025-03-07,ACC-001,COP,2637166353.63,52354726.03,0.0,52354726.03,Friday,4,0,7,0,Banco Aurora,operational
2025-03-08,ACC-001,COP,2691582543.7,73520963.9,19104773.83,54416190.07000001,Saturday,5,1,8,0,Banco Aurora,operational
2025-03-09,ACC-001,COP,2691582543.7,0.0,0.0,0.0,Sunday,6,1,9,0,Banco Aurora,operational
2025-03-10,ACC-001,COP,2651916163.3294377,101843686.29,142527812.39,-40684126.09999998,Monday,0,0,10,0,Banco Aurora,operational
2025-03-11,ACC-001,COP,2585833800.519438,211855221.56,277937584.37,-66082362.81,Tuesday,1,0,11,0,Banco Aurora,operational
2025-03-12,ACC-001,COP,2670370077.08,104323785.55,18769763.27,85554022.28,Wednesday,2,0,12,0,Banco Aurora,operational
2025-03-13,ACC-001,COP,2567046017.65,0.0,103324059.42,-103324059.42,Thursday,3,0,13,0,Banco Aurora,operational
2025-03-14,ACC-001,COP,2536396525.6,24839950.5,55489442.55,-30649492.049999997,Friday,4,0,14,0,Banco Aurora,operational
2025-03-15,ACC-001,COP,2512858187.95,0.0,23538337.65,-23538337.65,Saturday,5,1,15,0,Banco Aurora,operational
2025-03-16,ACC-001,COP,2567948310.72,97120727.03,42030604.27,55090122.76,Sunday,6,1,16,0,Banco Aurora,operational
2025-03-17,ACC-001,COP,2619115895.18,66854297.78,15686713.32,51167584.46,Monday,0,0,17,0,Banco Aurora,operational
2025-03-18,ACC-001,COP,695341079.6585962,0.0,147648863.96102852,-147648863.96102852,Tuesday,1,0,18,0,Banco Aurora,operational
2025-03-19,ACC-001,COP,662282609.7035729,73562705.86,555749382.0465696,-482186676.1865696,Wednesday,2,0,19,0,Banco Aurora,operational
2025-03-20,ACC-001,COP,646843726.0330685,81316263.97,392965149.6504122,-311648885.6804122,Thursday,3,0,20,0,Banco Aurora,operational
2025-03-21,ACC-001,COP,2424256729.37,41833770.35,5675090.15,36158680.2,Friday,4,0,21,0,Banco Aurora,operational
2025-03-22,ACC-001,COP,2424256729.37,0.0,0.0,0.0,Saturday,5,1,22,0,Banco Aurora,operational
2025-03-23,ACC-001,COP,2582346736.92,158090007.56,0.0,158090007.56,Sunday,6,1,23,0,Banco Aurora,operational
2025-03-24,ACC-001,COP,2689605566.23,131602148.59,24343319.28,107258829.31,Monday,0,0,24,0,Banco Aurora,operational
2025-03-25,ACC-001,COP,2720981297.59,143327266.01,111951534.65,31375731.359999985,Tuesday,1,0,25,0,Banco Aurora,operational
2025-03-26,ACC-001,COP,2707656967.02,70974219.18,84298549.74,-13324330.559999987,Wednesday,2,0,26,0,Banco Aurora,operational
2025-03-27,ACC-001,COP,2627722878.85,36906197.37,116840285.55,-79934088.18,Thursday,3,0,27,0,Banco Aurora,operational
2025-03-28,ACC-001,COP,2673091978.22,48942423.85,3573324.48,45369099.370000005,Friday,4,0,28,0,Banco Aurora,operational
2025-03-29,ACC-001,COP,2627342816.44,0.0,45749161.78,-45749161.78,Saturday,5,1,29,0,Banco Aurora,operational
2025-03-30,ACC-001,COP,2718452473.5,135248465.52,44138808.47,91109657.05000001,Sunday,6,1,30,0,Banco Aurora,operational
2025-03-31,ACC-001,COP,2685527632.87,73490757.93,106415598.56,-32924840.629999995,Monday,0,0,31,1,Banco Aurora,operational
2025-04-01,ACC-001,COP,2753110227.51,168248423.13,100665828.49,67582594.64,Tuesday,1,0,1,0,Banco Aurora,operational
2025-04-02,ACC-001,COP,2643177438.95,54310107.78,164242896.34,-109932788.56,Wednesday,2,0,2,0,Banco Aurora,operational
2025-04-03,ACC-001,COP,2564741177.95,107627306.79,186063567.79,-78436260.99999999,Thursday,3,0,3,0,Banco Aurora,operational
2025-04-04,ACC-001,COP,2649871571.92,88690958.0,3560564.02,85130393.98,Friday,4,0,4,0,Banco Aurora,operational
2025-04-05,ACC-001,COP,2506584540.92,0.0,143287030.99,-143287030.99,Saturday,5,1,5,0,Banco Aurora,operational
2025-04-06,ACC-001,COP,2623841621.65,138091860.73,20834780.0,117257080.72999999,Sunday,6,1,6,0,Banco Aurora,operational
2025-04-07,ACC-001,COP,2497593408.32,53579677.610000074,179827890.94,-126248213.32999992,Monday,0,0,7,0,Banco Aurora,operational
2025-04-08,ACC-001,COP,2479341079.17,5804052.3,24056381.45,-18252329.15,Tuesday,1,0,8,0,Banco Aurora,operational
2025-04-09,ACC-001,COP,2538717078.02,114255896.11,54879897.25,59375998.86,Wednesday,2,0,9,0,Banco Aurora,operational
2025-04-10,ACC-001,COP,2543687951.55,75836438.08,70865564.55,4970873.530000001,Thursday,3,0,10,0,Banco Aurora,operational
2025-04-11,ACC-001,COP,2470562817.14,97777746.36,170902880.77,-73125134.41000001,Friday,4,0,11,0,Banco Aurora,operational
2025-04-12,ACC-001,COP,2434408978.48,35241646.38,71395485.04,-36153838.660000004,Saturday,5,1,12,0,Banco Aurora,operational
2025-04-13,ACC-001,COP,2406213556.43,0.0,28195422.05,-28195422.05,Sunday,6,1,13,0,Banco Aurora,operational
2025-04-14,ACC-001,COP,2423994439.35,21461604.0,3680721.09,17780882.91,Monday,0,0,14,0,Banco Aurora,operational
2025-04-15,ACC-001,COP,2386178373.17,19503921.82,57319988.0,-37816066.18,Tuesday,1,0,15,0,Banco Aurora,operational
2025-04-16,ACC-001,COP,2512401395.32,126223022.16,0.0,126223022.16,Wednesday,2,0,16,0,Banco Aurora,operational
2025-04-17,ACC-001,COP,2539711256.65,77296006.98,49986145.65,27309861.330000006,Thursday,3,0,17,0,Banco Aurora,operational
2025-04-18,ACC-001,COP,2450159074.56,55386461.54,144938643.63,-89552182.09,Friday,4,0,18,0,Banco Aurora,operational
2025-04-19,ACC-001,COP,2399239705.1,62363619.42,113282988.89,-50919369.47,Saturday,5,1,19,0,Banco Aurora,operational
2025-04-20,ACC-001,COP,2418763177.55,19523472.45,0.0,19523472.45,Sunday,6,1,20,0,Banco Aurora,operational
2025-04-21,ACC-001,COP,2385725556.88,59026358.75,92063979.42,-33037620.67,Monday,0,0,21,0,Banco Aurora,operational
2025-04-22,ACC-001,COP,2456161803.55,82103156.05,11666909.38,70436246.67,Tuesday,1,0,22,0,Banco Aurora,operational
2025-04-23,ACC-001,COP,2442791775.9,79241292.7399999,92611320.39,-13370027.650000095,Wednesday,2,0,23,0,Banco Aurora,operational
2025-04-24,ACC-001,COP,2477029299.7,227025375.15,192787851.36,34237523.78999999,Thursday,3,0,24,0,Banco Aurora,operational
2025-04-25,ACC-001,COP,2437033946.79,21473159.51,61468512.42,-39995352.91,Friday,4,0,25,0,Banco Aurora,operational
2025-04-26,ACC-001,COP,2437033946.79,0.0,0.0,0.0,Saturday,5,1,26,0,Banco Aurora,operational
2025-04-27,ACC-001,COP,2380845167.1,48472910.05,104661689.74000005,-56188779.69000006,Sunday,6,1,27,0,Banco Aurora,operational
2025-04-28,ACC-001,COP,2371623118.24,28029461.73,37251510.59,-9222048.860000003,Monday,0,0,28,0,Banco Aurora,operational
2025-04-29,ACC-001,COP,2305375734.8900003,0.0,66247383.34,-66247383.34,Tuesday,1,0,29,0,Banco Aurora,operational
2025-04-30,ACC-001,COP,2270047293.51,7929661.91,43258103.29,-35328441.379999995,Wednesday,2,0,30,1,Banco Aurora,operational
2025-05-01,ACC-001,COP,2221093824.42,18338532.9,67292001.99,-48953469.089999996,Thursday,3,0,1,0,Banco Aurora,operational
2025-05-02,ACC-001,COP,2221093824.42,0.0,0.0,0.0,Friday,4,0,2,0,Banco Aurora,operational
2025-05-03,ACC-001,COP,2365978390.6,144884566.17,0.0,144884566.17,Saturday,5,1,3,0,Banco Aurora,operational
2025-05-04,ACC-001,COP,2227041424.36,0.0,138936966.23,-138936966.23,Sunday,6,1,4,0,Banco Aurora,operational
2025-05-05,ACC-001,COP,2449558150.02,228553865.89,6037140.23,222516725.66,Monday,0,0,5,0,Banco Aurora,operational
2025-05-06,ACC-001,COP,2401191348.3,50935563.67,99302365.38999979,-48366801.71999979,Tuesday,1,0,6,0,Banco Aurora,operational
2025-05-07,ACC-001,COP,2559403128.26,175809086.14,17597306.18,158211779.95999998,Wednesday,2,0,7,0,Banco Aurora,operational
2025-05-08,ACC-001,COP,2488852194.25,61087971.69,131638905.7,-70550934.01,Thursday,3,0,8,0,Banco Aurora,operational
2025-05-09,ACC-001,COP,2534331123.9,101717278.29,56238348.63,45478929.660000004,Friday,4,0,9,0,Banco Aurora,operational
2025-05-10,ACC-001,COP,2556264304.79,21933180.89,0.0,21933180.89,Saturday,5,1,10,0,Banco Aurora,operational
2025-05-11,ACC-001,COP,2556022338.14,15454295.66,15696262.3,-241966.6400000006,Sunday,6,1,11,0,Banco Aurora,operational
2025-05-12,ACC-001,COP,2601231798.48,91516455.75000015,46306995.41,45209460.34000015,Monday,0,0,12,0,Banco Aurora,operational
2025-05-13,ACC-001,COP,2560836145.15,108701478.93,149097132.25,-40395653.31999999,Tuesday,1,0,13,0,Banco Aurora,operational
2025-05-14,ACC-001,COP,2543145435.75,86775810.36,104466519.77,-17690709.409999996,Wednesday,2,0,14,0,Banco Aurora,operational
2025-05-15,ACC-001,COP,2541433323.77,79673907.56,81386019.54,-1712111.9800000042,Thursday,3,0,15,0,Banco Aurora,operational
2025-05-16,ACC-001,COP,2470396939.75,30398208.93,101434592.95,-71036384.02000001,Friday,4,0,16,0,Banco Aurora,operational
2025-05-17,ACC-001,COP,2333138294.7,23636350.4,160894995.45,-137258645.04999998,Saturday,5,1,17,0,Banco Aurora,operational
2025-05-18,ACC-001,COP,2400537314.23,119769023.89,52370004.36,67399019.53,Sunday,6,1,18,0,Banco Aurora,operational
2025-05-19,ACC-001,COP,2416744336.5249834,26222436.81,10057562.87,16164873.94,Monday,0,0,19,0,Banco Aurora,operational
2025-05-20,ACC-001,COP,2467960062.63,51215726.10501671,0.0,51215726.10501671,Tuesday,1,0,20,0,Banco Aurora,operational
2025-05-21,ACC-001,COP,2571623233.11,103663170.48,0.0,103663170.48,Wednesday,2,0,21,0,Banco Aurora,operational
2025-05-22,ACC-001,COP,2596890597.82,136774255.65,111506890.94,25267364.71000001,Thursday,3,0,22,0,Banco Aurora,operational
2025-05-23,ACC-001,COP,2550217600.0,5815042.84,52488040.65,-46672997.81,Friday,4,0,23,0,Banco Aurora,operational
2025-05-24,ACC-001,COP,2561645788.51,47416017.6,35987829.09,11428188.509999998,Saturday,5,1,24,0,Banco Aurora,operational
2025-05-25,ACC-001,COP,2547513001.84,12028772.27,26161558.94,-14132786.670000002,Sunday,6,1,25,0,Banco Aurora,operational
2025-05-26,ACC-001,COP,2516653710.08,60377498.88,91236790.64,-30859291.759999998,Monday,0,0,26,0,Banco Aurora,operational
2025-05-27,ACC-001,COP,2684734214.71,168080504.63,0.0,168080504.63,Tuesday,1,0,27,0,Banco Aurora,operational
2025-05-28,ACC-001,COP,2651620522.63,64645026.22,97758718.3,-33113692.08,Wednesday,2,0,28,0,Banco Aurora,operational
2025-05-29,ACC-001,COP,2690593283.44,99170209.12,60197448.31,38972760.81,Thursday,3,0,29,0,Banco Aurora,operational
2025-05-30,ACC-001,COP,2582431737.23,0.0,108161546.21,-108161546.21,Friday,4,0,30,0,Banco Aurora,operational
2025-05-31,ACC-001,COP,2724940018.44,142508281.21000004,0.0,142508281.21000004,Saturday,5,1,31,1,Banco Aurora,operational
2025-06-01,ACC-001,COP,2803987342.7,91546268.31,12498944.05,79047324.26,Sunday,6,1,1,0,Banco Aurora,operational
2025-06-02,ACC-001,COP,2867888403.21,79820803.04,15919742.54,63901060.50000001,Monday,0,0,2,0,Banco Aurora,operational
2025-06-03,ACC-001,COP,2744963481.53,62057077.64,184981999.32,-122924921.67999999,Tuesday,1,0,3,0,Banco Aurora,operational
2025-06-04,ACC-001,COP,2660579436.22,122333088.48999959,206717133.8,-84384045.31000042,Wednesday,2,0,4,0,Banco Aurora,operational
2025-06-05,ACC-001,COP,2704367599.12,158132329.58,114344166.68,43788162.900000006,Thursday,3,0,5,0,Banco Aurora,operational
2025-06-06,ACC-001,COP,2787184892.75,199037028.67000014,116219735.04,82817293.63000013,Friday,4,0,6,0,Banco Aurora,operational
2025-06-07,ACC-001,COP,2863314000.31,91140122.16,15011014.59,76129107.57,Saturday,5,1,7,0,Banco Aurora,operational
2025-06-08,ACC-001,COP,2902437307.47,39123307.16,0.0,39123307.16,Sunday,6,1,8,0,Banco Aurora,operational
2025-06-09,ACC-001,COP,3053936376.0,158878252.49,7379183.96,151499068.53,Monday,0,0,9,0,Banco Aurora,operational
2025-06-10,ACC-001,COP,3122115612.48,151349295.52,83170059.04,68179236.48,Tuesday,1,0,10,0,Banco Aurora,operational
2025-06-11,ACC-001,COP,3148683107.35,185082689.29,158515194.42,26567494.870000005,Wednesday,2,0,11,0,Banco Aurora,operational
2025-06-12,ACC-001,COP,3228177238.03,237776438.25,158282307.57,79494130.68,Thursday,3,0,12,0,Banco Aurora,operational
2025-06-13,ACC-001,COP,3130278984.13,0.0,97898253.9,-97898253.9,Friday,4,0,13,0,Banco Aurora,operational
2025-06-14,ACC-001,COP,3130278984.13,0.0,0.0,0.0,Saturday,5,1,14,0,Banco Aurora,operational
2025-06-15,ACC-001,COP,3196147458.82,155827512.93,89959038.25,65868474.68000001,Sunday,6,1,15,0,Banco Aurora,operational
2025-06-16,ACC-001,COP,3214907800.69,40037305.93,21276964.060000114,18760341.869999886,Monday,0,0,16,0,Banco Aurora,operational
2025-06-17,ACC-001,COP,3308890988.1,99082019.17,5098831.77,93983187.4,Tuesday,1,0,17,0,Banco Aurora,operational
2025-06-18,ACC-001,COP,3220944822.51,43748479.25,131694644.83,-87946165.58,Wednesday,2,0,18,0,Banco Aurora,operational
2025-06-19,ACC-001,COP,3258513163.09,189658252.7,152089912.12000006,37568340.57999992,Thursday,3,0,19,0,Banco Aurora,operational
2025-06-20,ACC-001,COP,3129446167.05,0.0,129066996.04,-129066996.04,Friday,4,0,20,0,Banco Aurora,operational
2025-06-21,ACC-001,COP,3100197055.68,43188983.75,72438095.12,-29249111.370000005,Saturday,5,1,21,0,Banco Aurora,operational
2025-06-22,ACC-001,COP,3262663632.76,162466577.08,0.0,162466577.08,Sunday,6,1,22,0,Banco Aurora,operational
2025-06-23,ACC-001,COP,3159725800.04,49665617.77,152603450.49,-102937832.72,Monday,0,0,23,0,Banco Aurora,operational
2025-06-24,ACC-001,COP,2942024717.27,0.0,217701082.77,-217701082.77,Tuesday,1,0,24,0,Banco Aurora,operational
2025-06-25,ACC-001,COP,2900966749.03,115353598.0,156411566.24,-41057968.24000001,Wednesday,2,0,25,0,Banco Aurora,operational
2025-06-26,ACC-001,COP,2794740065.93,45621788.03,151848471.12,-106226683.09,Thursday,3,0,26,0,Banco Aurora,operational
2025-06-27,ACC-001,COP,2847532254.14,158494708.65,105702520.44,52792188.21000001,Friday,4,0,27,0,Banco Aurora,operational
2025-06-28,ACC-001,COP,2842695553.56,50856989.61,55693690.19,-4836700.579999998,Saturday,5,1,28,0,Banco Aurora,operational
2025-06-29,ACC-001,COP,2816793528.55,0.0,25902025.009999752,-25902025.009999752,Sunday,6,1,29,0,Banco Aurora,operational
2025-06-30,ACC-001,COP,2773420795.54,73763193.8,117135926.81,-43372733.010000005,Monday,0,0,30,1,Banco Aurora,operational
2025-07-01,ACC-001,COP,2910591437.47,152525957.82,15355315.89,137170641.93,Tuesday,1,0,1,0,Banco Aurora,operational
2025-07-02,ACC-001,COP,2787876203.46,78221487.79,200936721.8,-122715234.01,Wednesday,2,0,2,0,Banco Aurora,operational
2025-07-03,ACC-001,COP,2787782934.26,31810487.9,31903757.1,-93269.20000000298,Thursday,3,0,3,0,Banco Aurora,operational
2025-07-04,ACC-001,COP,2737457946.52,97733131.75,148058119.5,-50324987.75,Friday,4,0,4,0,Banco Aurora,operational
2025-07-05,ACC-001,COP,2645100595.6,33631454.02,125988804.94,-92357350.91999999,Saturday,5,1,5,0,Banco Aurora,operational
2025-07-06,ACC-001,COP,2643974702.96,88398863.99,89524756.63,-1125892.6400000006,Sunday,6,1,6,0,Banco Aurora,operational
2025-07-07,ACC-001,COP,2521457105.99,115945991.39,238463588.36,-122517596.97000001,Monday,0,0,7,0,Banco Aurora,operational
2025-07-08,ACC-001,COP,2584168159.21,62711053.22,0.0,62711053.22,Tuesday,1,0,8,0,Banco Aurora,operational
2025-07-09,ACC-001,COP,2712210706.3,181166620.78,53124073.7,128042547.08,Wednesday,2,0,9,0,Banco Aurora,operational
2025-07-10,ACC-001,COP,2625306712.59,88681183.59,175585177.3,-86903993.71000001,Thursday,3,0,10,0,Banco Aurora,operational
2025-07-11,ACC-001,COP,2623445843.62,0.0,1860868.98,-1860868.98,Friday,4,0,11,0,Banco Aurora,operational
2025-07-12,ACC-001,COP,2623445843.62,0.0,0.0,0.0,Saturday,5,1,12,0,Banco Aurora,operational
2025-07-13,ACC-001,COP,2615801697.17,60315420.79,67959567.24,-7644146.4499999955,Sunday,6,1,13,0,Banco Aurora,operational
2025-07-14,ACC-001,COP,2712342709.77,96541012.59,0.0,96541012.59,Monday,0,0,14,0,Banco Aurora,operational
2025-07-15,ACC-001,COP,2621862104.28,0.0,90480605.49,-90480605.49,Tuesday,1,0,15,0,Banco Aurora,operational
2025-07-16,ACC-001,COP,2555583933.81,47732570.52,114010740.99,-66278170.46999999,Wednesday,2,0,16,0,Banco Aurora,operational
2025-07-17,ACC-001,COP,2586488111.61,121515053.25,90610875.45,30904177.799999997,Thursday,3,0,17,0,Banco Aurora,operational
2025-07-18,ACC-001,COP,2615645702.74,126746523.06,97588931.93000036,29157591.129999638,Friday,4,0,18,0,Banco Aurora,operational
2025-07-19,ACC-001,COP,2682811747.5023,66049285.17,0.0,66049285.17,Saturday,5,1,19,0,Banco Aurora,operational
2025-07-20,ACC-001,COP,2654315719.41,20138764.15,47518032.65,-27379268.5,Sunday,6,1,20,0,Banco Aurora,operational
2025-07-21,ACC-001,COP,2729583463.31,134078012.35,58810268.45,75267743.89999999,Monday,0,0,21,0,Banco Aurora,operational
2025-07-22,ACC-001,COP,2777829263.71,117451741.97,69205941.57,48245800.400000006,Tuesday,1,0,22,0,Banco Aurora,operational
2025-07-23,ACC-001,COP,2706504246.63,75172076.11,146497093.18,-71325017.07000001,Wednesday,2,0,23,0,Banco Aurora,operational
2025-07-24,ACC-001,COP,2706504246.63,0.0,0.0,0.0,Thursday,3,0,24,0,Banco Aurora,operational
2025-07-25,ACC-001,COP,2706504246.63,0.0,0.0,0.0,Friday,4,0,25,0,Banco Aurora,operational
2025-07-26,ACC-001,COP,2621152341.47,0.0,85351905.16,-85351905.16,Saturday,5,1,26,0,Banco Aurora,operational
2025-07-27,ACC-001,COP,2587426357.75,12785714.66,46511698.38,-33725983.72,Sunday,6,1,27,0,Banco Aurora,operational
2025-07-28,ACC-001,COP,2566826004.2,148079542.24,168679895.78,-20600353.53999999,Monday,0,0,28,0,Banco Aurora,operational
2025-07-29,ACC-001,COP,2470395239.47,72568153.91,168998918.64,-96430764.72999999,Tuesday,1,0,29,0,Banco Aurora,operational
2025-07-30,ACC-001,COP,2522861795.1,79801588.64,27335033.02,52466555.620000005,Wednesday,2,0,30,0,Banco Aurora,operational
2025-07-31,ACC-001,COP,2561057900.46,38196105.36,0.0,38196105.36,Thursday,3,0,31,1,Banco Aurora,operational
2025-08-01,ACC-001,COP,2521994265.78,19967681.450000174,59031316.13,-39063634.67999983,Friday,4,0,1,0,Banco Aurora,operational
2025-08-02,ACC-001,COP,2462148299.46,80929851.46,140775817.77,-59845966.31000002,Saturday,5,1,2,0,Banco Aurora,operational
2025-08-03,ACC-001,COP,2406452814.16,0.0,55695485.31,-55695485.31,Sunday,6,1,3,0,Banco Aurora,operational
2025-08-04,ACC-001,COP,2310481007.65,9593087.16,105564893.66,-95971806.5,Monday,0,0,4,0,Banco Aurora,operational
2025-08-05,ACC-001,COP,801973222.1156787,61742599.81,0.0,61742599.81,Tuesday,1,0,5,0,Banco Aurora,operational
2025-08-06,ACC-001,COP,832981694.2488395,126219909.18,95211437.04683916,31008472.133160844,Wednesday,2,0,6,0,Banco Aurora,operational
2025-08-07,ACC-001,COP,842474607.1294748,40938695.93,30733776.14755878,10204919.782441221,Thursday,3,0,7,0,Banco Aurora,operational
2025-08-08,ACC-001,COP,817997060.9824734,33922148.53,252502841.6964693,-218580693.1664693,Friday,4,0,8,0,Banco Aurora,operational
2025-08-09,ACC-001,COP,2380998110.34,17548467.21,50737893.2,-33189425.990000002,Saturday,5,1,9,0,Banco Aurora,operational
2025-08-10,ACC-001,COP,2322024370.45,50115358.579999655,109089098.47,-58973739.89000034,Sunday,6,1,10,0,Banco Aurora,operational
2025-08-11,ACC-001,COP,2371786156.66,49761786.21,0.0,49761786.21,Monday,0,0,11,0,Banco Aurora,operational
2025-08-12,ACC-001,COP,2449978644.63,134434168.54,56241680.569999725,78192487.97000027,Tuesday,1,0,12,0,Banco Aurora,operational
2025-08-13,ACC-001,COP,2489865236.01,141767551.51,101880960.13,39886591.379999995,Wednesday,2,0,13,0,Banco Aurora,operational
2025-08-14,ACC-001,COP,2455012511.74,66533087.64,101385811.9,-34852724.260000005,Thursday,3,0,14,0,Banco Aurora,operational
2025-08-15,ACC-001,COP,2442371163.23,193394381.5,206035730.01,-12641348.50999999,Friday,4,0,15,0,Banco Aurora,operational
2025-08-16,ACC-001,COP,2434872506.25,33544816.05,41043473.03,-7498656.98,Saturday,5,1,16,0,Banco Aurora,operational
2025-08-17,ACC-001,COP,2529603665.57,94731159.31,0.0,94731159.31,Sunday,6,1,17,0,Banco Aurora,operational
2025-08-18,ACC-001,COP,2547243428.0,96951510.85,79311748.42,17639762.429999992,Monday,0,0,18,0,Banco Aurora,operational
2025-08-19,ACC-001,COP,2615208787.21,96407318.56,28441959.34,67965359.22,Tuesday,1,0,19,0,Banco Aurora,operational
2025-08-20,ACC-001,COP,2615208787.21,0.0,0.0,0.0,Wednesday,2,0,20,0,Banco Aurora,operational
2025-08-21,ACC-001,COP,2566911841.75,5401444.84,53698390.3,-48296945.45999999,Thursday,3,0,21,0,Banco Aurora,operational
2025-08-22,ACC-001,COP,2418645553.9,58192431.36,206458719.21,-148266287.85000002,Friday,4,0,22,0,Banco Aurora,operational
2025-08-23,ACC-001,COP,2514544449.22,95898895.32,0.0,95898895.32,Saturday,5,1,23,0,Banco Aurora,operational
2025-08-24,ACC-001,COP,2559981430.62,52032742.37,6595760.96,45436981.41,Sunday,6,1,24,0,Banco Aurora,operational
2025-08-25,ACC-001,COP,2524801558.61,58600289.3,93780161.31,-35179872.010000005,Monday,0,0,25,0,Banco Aurora,operational
2025-08-26,ACC-001,COP,2580248069.24,114826151.79,59379641.15,55446510.64000001,Tuesday,1,0,26,0,Banco Aurora,operational
2025-08-27,ACC-001,COP,2717374692.27,146032463.66,8905840.64,137126623.01999998,Wednesday,2,0,27,0,Banco Aurora,operational
2025-08-28,ACC-001,COP,2535899261.99,81951880.96,263427311.24,-181475430.28000003,Thursday,3,0,28,0,Banco Aurora,operational
2025-08-29,ACC-001,COP,2454107967.09,90219671.73,172010966.62,-81791294.89,Friday,4,0,29,0,Banco Aurora,operational
2025-08-30,ACC-001,COP,2422127448.26,35064305.57,67044824.4,-31980518.83,Saturday,5,1,30,0,Banco Aurora,operational
2025-08-31,ACC-001,COP,2427070064.95,25627126.04,20684509.34,4942616.699999999,Sunday,6,1,31,1,Banco Aurora,operational
2025-09-01,ACC-001,COP,2348810176.36,25515642.17,103775530.76,-78259888.59,Monday,0,0,1,0,Banco Aurora,operational
2025-09-02,ACC-001,COP,2255026741.21,20461824.9,114245260.05,-93783435.15,Tuesday,1,0,2,0,Banco Aurora,operational
2025-09-03,ACC-001,COP,2291037015.03,128834582.66,92824308.84,36010273.81999999,Wednesday,2,0,3,0,Banco Aurora,operational
2025-09-04,ACC-001,COP,2244058481.26,52335949.35,99314483.12,-46978533.77,Thursday,3,0,4,0,Banco Aurora,operational
2025-09-05,ACC-001,COP,2169767793.05,50004744.73,124295432.94,-74290688.21000001,Friday,4,0,5,0,Banco Aurora,operational
2025-09-06,ACC-001,COP,2160199516.76,0.0,9568276.289999962,-9568276.289999962,Saturday,5,1,6,0,Banco Aurora,operational
2025-09-07,ACC-001,COP,2160199516.76,0.0,0.0,0.0,Sunday,6,1,7,0,Banco Aurora,operational
2025-09-08,ACC-001,COP,2181190026.83,138461348.75,117470838.67,20990510.08,Monday,0,0,8,0,Banco Aurora,operational
2025-09-09,ACC-001,COP,2207392649.91,26202623.07,0.0,26202623.07,Tuesday,1,0,9,0,Banco Aurora,operational
2025-09-10,ACC-001,COP,2166748784.85,0.0,40643865.06,-40643865.06,Wednesday,2,0,10,0,Banco Aurora,operational
2025-09-11,ACC-001,COP,2269968945.27,196113245.71,92893085.28,103220160.43,Thursday,3,0,11,0,Banco Aurora,operational
2025-09-12,ACC-001,COP,2207280773.77,36343775.56,99031947.06,-62688171.5,Friday,4,0,12,0,Banco Aurora,operational
2025-09-13,ACC-001,COP,2195434483.42,0.0,11846290.35,-11846290.35,Saturday,5,1,13,0,Banco Aurora,operational
2025-09-14,ACC-001,COP,2203863751.19,31805120.67,23375852.89,8429267.780000001,Sunday,6,1,14,0,Banco Aurora,operational
2025-09-15,ACC-001,COP,2224037969.31,109686636.18,89512418.07,20174218.110000014,Monday,0,0,15,0,Banco Aurora,operational
2025-09-16,ACC-001,COP,2295023606.69,103880700.08,32895062.7,70985637.38,Tuesday,1,0,16,0,Banco Aurora,operational
2025-09-17,ACC-001,COP,2248485029.68,120363397.12,166901974.13,-46538577.00999999,Wednesday,2,0,17,0,Banco Aurora,operational
2025-09-18,ACC-001,COP,2239353152.66,12920384.1,22052261.13,-9131877.03,Thursday,3,0,18,0,Banco Aurora,operational
2025-09-19,ACC-001,COP,2320368936.97,141962916.2,60947131.89,81015784.30999999,Friday,4,0,19,0,Banco Aurora,operational
2025-09-20,ACC-001,COP,2425618383.58,109279016.02,4029569.41,105249446.61,Saturday,5,1,20,0,Banco Aurora,operational
2025-09-21,ACC-001,COP,2503939160.98,117342053.07,39021275.67,78320777.39999999,Sunday,6,1,21,0,Banco Aurora,operational
2025-09-22,ACC-001,COP,2417147045.98,91282906.41,178075021.41,-86792115.0,Monday,0,0,22,0,Banco Aurora,operational
2025-09-23,ACC-001,COP,2447322203.22,50653100.36,20477943.12,30175157.24,Tuesday,1,0,23,0,Banco Aurora,operational
2025-09-24,ACC-001,COP,2387307857.15,45975137.45,105989483.52,-60014346.06999999,Wednesday,2,0,24,0,Banco Aurora,operational
2025-09-25,ACC-001,COP,2272868023.36,0.0,114439833.78999996,-114439833.78999996,Thursday,3,0,25,0,Banco Aurora,operational
2025-09-26,ACC-001,COP,2172487717.48,37572138.21,137952444.08,-100380305.87,Friday,4,0,26,0,Banco Aurora,operational
2025-09-27,ACC-001,COP,2172487717.48,0.0,0.0,0.0,Saturday,5,1,27,0,Banco Aurora,operational
2025-01-01,ACC-002,USD,177214.43,0.0,2785.57,-2785.57,Wednesday,2,0,1,0,Banco Aurora,operational
2025-01-02,ACC-002,USD,178373.03,6194.23,5035.63,1158.5999999999995,Thursday,3,0,2,0,Banco Aurora,operational
2025-01-03,ACC-002,USD,177680.25,4447.28,5140.05,-692.7700000000004,Friday,4,0,3,0,Banco Aurora,operational
2025-01-04,ACC-002,USD,180535.18,2854.92,0.0,2854.92,Saturday,5,1,4,0,Banco Aurora,operational
2025-01-05,ACC-002,USD,180550.28,4718.65,4703.54,15.109999999999673,Sunday,6,1,5,0,Banco Aurora,operational
2025-01-06,ACC-002,USD,179569.91,6806.88,7787.25,-980.3699999999999,Monday,0,0,6,0,Banco Aurora,operational
2025-01-07,ACC-002,USD,172966.57,6451.65,13055.0,-6603.35,Tuesday,1,0,7,0,Banco Aurora,operational
2025-01-08,ACC-002,USD,173381.65,4887.71,4472.63,415.0799999999999,Wednesday,2,0,8,0,Banco Aurora,operational
2025-01-09,ACC-002,USD,174001.44,2588.49,1968.7,619.7899999999997,Thursday,3,0,9,0,Banco Aurora,operational
2025-01-10,ACC-002,USD,172415.68,889.25,2475.01,-1585.7600000000002,Friday,4,0,10,0,Banco Aurora,operational
2025-01-11,ACC-002,USD,170881.26,1825.26,3359.68,-1534.4199999999998,Saturday,5,1,11,0,Banco Aurora,operational
2025-01-12,ACC-002,USD,173106.62,2225.36,0.0,2225.36,Sunday,6,1,12,0,Banco Aurora,operational
2025-01-13,ACC-002,USD,173317.02,8309.76,8099.36,210.40000000000055,Monday,0,0,13,0,Banco Aurora,operational
2025-01-14,ACC-002,USD,174680.22,4646.12,3282.92,1363.1999999999998,Tuesday,1,0,14,0,Banco Aurora,operational
2025-01-15,ACC-002,USD,175590.15,7156.4,6246.47,909.9299999999994,Wednesday,2,0,15,0,Banco Aurora,operational
2025-01-16,ACC-002,USD,170392.16,182.17,5380.15,-5197.98,Thursday,3,0,16,0,Banco Aurora,operational
2025-01-17,ACC-002,USD,174010.37,6004.74,2386.53,3618.2099999999996,Friday,4,0,17,0,Banco Aurora,operational
2025-01-18,ACC-002,USD,176759.19,2748.82,0.0,2748.82,Saturday,5,1,18,0,Banco Aurora,operational
2025-01-19,ACC-002,USD,176929.72,6844.77,6674.25,170.52000000000044,Sunday,6,1,19,0,Banco Aurora,operational
2025-01-20,ACC-002,USD,174396.18,4414.34,6947.87,-2533.5299999999997,Monday,0,0,20,0,Banco Aurora,operational
2025-01-21,ACC-002,USD,172848.76,0.0,1547.43,-1547.43,Tuesday,1,0,21,0,Banco Aurora,operational
2025-01-22,ACC-002,USD,175193.81,4169.88,1824.82,2345.0600000000004,Wednesday,2,0,22,0,Banco Aurora,operational
2025-01-23,ACC-002,USD,170348.3,7758.97,12604.48,-4845.509999999999,Thursday,3,0,23,0,Banco Aurora,operational
2025-01-24,ACC-002,USD,168852.13,1101.76,2597.94,-1496.18,Friday,4,0,24,0,Banco Aurora,operational
2025-01-25,ACC-002,USD,164071.36,2821.34,7602.11,-4780.7699999999995,Saturday,5,1,25,0,Banco Aurora,operational
2025-01-26,ACC-002,USD,161154.05,0.0,2917.31,-2917.31,Sunday,6,1,26,0,Banco Aurora,operational
2025-01-27,ACC-002,USD,171858.86,10704.82,0.0,10704.82,Monday,0,0,27,0,Banco Aurora,operational
2025-01-28,ACC-002,USD,168567.9,752.5,4043.459999999992,-3290.959999999992,Tuesday,1,0,28,0,Banco Aurora,operational
2025-01-29,ACC-002,USD,163736.1,3301.9400000000114,8133.74,-4831.799999999988,Wednesday,2,0,29,0,Banco Aurora,operational
2025-01-30,ACC-002,USD,169439.55,5703.45,0.0,5703.45,Thursday,3,0,30,0,Banco Aurora,operational
2025-01-31,ACC-002,USD,172804.44999999998,6829.8,3464.91,3364.8900000000003,Friday,4,0,31,1,Banco Aurora,operational
2025-02-01,ACC-002,USD,179239.81,6478.26,42.9,6435.360000000001,Saturday,5,1,1,0,Banco Aurora,operational
2025-02-02,ACC-002,USD,175005.69,0.0,4234.12,-4234.12,Sunday,6,1,2,0,Banco Aurora,operational
2025-02-03,ACC-002,USD,175757.61,7920.5,7168.58,751.9200000000001,Monday,0,0,3,0,Banco Aurora,operational
2025-02-04,ACC-002,USD,168242.09,0.0,7515.52,-7515.52,Tuesday,1,0,4,0,Banco Aurora,operational
2025-02-05,ACC-002,USD,163633.66,1566.98,6175.409999999993,-4608.429999999993,Wednesday,2,0,5,0,Banco Aurora,operational
2025-02-06,ACC-002,USD,157186.31,249.59,6696.94,-6447.349999999999,Thursday,3,0,6,0,Banco Aurora,operational
2025-02-07,ACC-002,USD,158368.46,2179.86,997.71,1182.15,Friday,4,0,7,0,Banco Aurora,operational
2025-02-08,ACC-002,USD,159737.32,4161.35,2792.4899999999852,1368.8600000000151,Saturday,5,1,8,0,Banco Aurora,operational
2025-02-09,ACC-002,USD,153056.54,0.0,6680.79,-6680.79,Sunday,6,1,9,0,Banco Aurora,operational
2025-02-10,ACC-002,USD,151303.22999999998,3242.8,4996.110000000027,-1753.3100000000268,Monday,0,0,10,0,Banco Aurora,operational
2025-02-11,ACC-002,USD,153689.53,5352.85,2966.55,2386.3,Tuesday,1,0,11,0,Banco Aurora,operational
2025-02-12,ACC-002,USD,156470.05,6058.86,3278.34,2780.5199999999995,Wednesday,2,0,12,0,Banco Aurora,operational
2025-02-13,ACC-002,USD,150604.67,3405.92,9271.3,-5865.379999999999,Thursday,3,0,13,0,Banco Aurora,operational
2025-02-14,ACC-002,USD,151988.47,1383.8,0.0,1383.8,Friday,4,0,14,0,Banco Aurora,operational
2025-02-15,ACC-002,USD,149014.39,6720.74,9694.82,-2974.08,Saturday,5,1,15,0,Banco Aurora,operational
2025-02-16,ACC-002,USD,149594.74,580.35,0.0,580.35,Sunday,6,1,16,0,Banco Aurora,operational
2025-02-17,ACC-002,USD,149222.97,3558.91,3930.68,-371.77,Monday,0,0,17,0,Banco Aurora,operational
2025-02-18,ACC-002,USD,151680.56,3909.87,1452.27,2457.6,Tuesday,1,0,18,0,Banco Aurora,operational
2025-02-19,ACC-002,USD,151544.21,6308.58,6444.93,-136.35000000000036,Wednesday,2,0,19,0,Banco Aurora,operational
2025-02-20,ACC-002,USD,144592.57,16.96,6968.6,-6951.64,Thursday,3,0,20,0,Banco Aurora,operational
2025-02-21,ACC-002,USD,149742.16,10273.84,5124.25,5149.59,Friday,4,0,21,0,Banco Aurora,operational
2025-02-22,ACC-002,USD,149037.41,786.67,1491.42,-704.7500000000001,Saturday,5,1,22,0,Banco Aurora,operational
2025-02-23,ACC-002,USD,152659.78,3622.37,0.0,3622.37,Sunday,6,1,23,0,Banco Aurora,operational
2025-02-24,ACC-002,USD,154048.54,5081.71,3692.95,1388.7600000000002,Monday,0,0,24,0,Banco Aurora,operational
2025-02-25,ACC-002,USD,159970.16,10314.55,4392.93,5921.619999999999,Tuesday,1,0,25,0,Banco Aurora,operational
2025-02-26,ACC-002,USD,168517.78,10135.35,1587.73,8547.62,Wednesday,2,0,26,0,Banco Aurora,operational
2025-02-27,ACC-002,USD,169083.52,7034.81,6469.06,565.75,Thursday,3,0,27,0,Banco Aurora,operational
2025-02-28,ACC-002,USD,165206.63,2133.67,6010.57,-3876.8999999999996,Friday,4,0,28,1,Banco Aurora,operational
2025-03-01,ACC-002,USD,170150.64,5988.8,1044.79,4944.01,Saturday,5,1,1,0,Banco Aurora,operational
2025-03-02,ACC-002,USD,168032.47,0.0,2118.16,-2118.16,Sunday,6,1,2,0,Banco Aurora,operational
2025-03-03,ACC-002,USD,165814.17,2008.25,4226.55,-2218.3,Monday,0,0,3,0,Banco Aurora,operational
2025-03-04,ACC-002,USD,170518.03,4703.86,0.0,4703.86,Tuesday,1,0,4,0,Banco Aurora,operational
2025-03-05,ACC-002,USD,163417.43,0.0,7100.6,-7100.6,Wednesday,2,0,5,0,Banco Aurora,operational
2025-03-06,ACC-002,USD,166611.52,3194.1,0.0,3194.1,Thursday,3,0,6,0,Banco Aurora,operational
2025-03-07,ACC-002,USD,167985.98,7613.63,6239.17,1374.46,Friday,4,0,7,0,Banco Aurora,operational
2025-03-08,ACC-002,USD,167985.98,0.0,0.0,0.0,Saturday,5,1,8,0,Banco Aurora,operational
2025-03-09,ACC-002,USD,169485.95,4823.91,3323.94,1499.9699999999998,Sunday,6,1,9,0,Banco Aurora,operational
2025-03-10,ACC-002,USD,175799.01,13160.93,6847.87,6313.06,Monday,0,0,10,0,Banco Aurora,operational
2025-03-11,ACC-002,USD,177456.60053505414,6637.13,5038.65,1598.4800000000005,Tuesday,1,0,11,0,Banco Aurora,operational
2025-03-12,ACC-002,USD,177722.8,8219.8,7894.49,325.3099999999995,Wednesday,2,0,12,0,Banco Aurora,operational
2025-03-13,ACC-002,USD,183669.58,9780.89,3834.11,5946.779999999999,Thursday,3,0,13,0,Banco Aurora,operational
2025-03-14,ACC-002,USD,183462.75,3910.67,4117.49,-206.8199999999997,Friday,4,0,14,0,Banco Aurora,operational
2025-03-15,ACC-002,USD,180719.71,5103.21,7846.24,-2743.0299999999997,Saturday,5,1,15,0,Banco Aurora,operational
2025-03-16,ACC-002,USD,180452.01,510.21,777.91,-267.7,Sunday,6,1,16,0,Banco Aurora,operational
2025-03-17,ACC-002,USD,182111.58,6547.069999999978,4887.5,1659.5699999999779,Monday,0,0,17,0,Banco Aurora,operational
2025-03-18,ACC-002,USD,191042.53,8930.95,0.0,8930.95,Tuesday,1,0,18,0,Banco Aurora,operational
2025-03-19,ACC-002,USD,190491.23,2572.56,3123.87,-551.31,Wednesday,2,0,19,0,Banco Aurora,operational
2025-03-20,ACC-002,USD,188066.8,0.0,2424.43,-2424.43,Thursday,3,0,20,0,Banco Aurora,operational
2025-03-21,ACC-002,USD,42791.710285533954,2199.79,15140.59594560683,-12940.80594560683,Friday,4,0,21,0,Banco Aurora,operational
2025-03-22,ACC-002,USD,43919.723214013466,6338.14,4204.918593401913,2133.221406598087,Saturday,5,1,22,0,Banco Aurora,operational
2025-03-23,ACC-002,USD,43407.57777809724,0.0,6371.330313434236,-6371.330313434236,Sunday,6,1,23,0,Banco Aurora,operational
2025-03-24,ACC-002,USD,194893.21,9567.94,2342.25,7225.6900000000005,Monday,0,0,24,0,Banco Aurora,operational
2025-03-25,ACC-002,USD,188776.98,2297.5,8413.73,-6116.23,Tuesday,1,0,25,0,Banco Aurora,operational
2025-03-26,ACC-002,USD,185118.4,4826.89,8485.47,-3658.579999999999,Wednesday,2,0,26,0,Banco Aurora,operational
2025-03-27,ACC-002,USD,182099.82,5503.03,8521.61,-3018.580000000001,Thursday,3,0,27,0,Banco Aurora,operational
2025-03-28,ACC-002,USD,178009.88,1693.24,5783.18,-4089.9400000000005,Friday,4,0,28,0,Banco Aurora,operational
2025-03-29,ACC-002,USD,179395.9,1386.02,0.0,1386.02,Saturday,5,1,29,0,Banco Aurora,operational
2025-03-30,ACC-002,USD,174639.22,0.0,4756.68,-4756.68,Sunday,6,1,30,0,Banco Aurora,operational
2025-03-31,ACC-002,USD,176634.75,4013.38,2017.85,1995.5300000000002,Monday,0,0,31,1,Banco Aurora,operational
2025-04-01,ACC-002,USD,171956.76,4959.27,9637.26,-4677.99,Tuesday,1,0,1,0,Banco Aurora,operational
2025-04-02,ACC-002,USD,171601.29,0.0,355.47,-355.47,Wednesday,2,0,2,0,Banco Aurora,operational
2025-04-03,ACC-002,USD,163075.91,1980.67,10506.04,-8525.37,Thursday,3,0,3,0,Banco Aurora,operational
2025-04-04,ACC-002,USD,161168.81,5813.94,7721.05,-1907.1100000000006,Friday,4,0,4,0,Banco Aurora,operational
2025-04-05,ACC-002,USD,161218.2828150435,0.0,0.0,0.0,Saturday,5,1,5,0,Banco Aurora,operational
2025-04-06,ACC-002,USD,162295.5,3377.5,2250.8,1126.6999999999998,Sunday,6,1,6,0,Banco Aurora,operational
2025-04-07,ACC-002,USD,164361.23,6650.02,4584.29,2065.7300000000005,Monday,0,0,7,0,Banco Aurora,operational
2025-04-08,ACC-002,USD,164427.06,5845.16,5779.33,65.82999999999993,Tuesday,1,0,8,0,Banco Aurora,operational
2025-04-09,ACC-002,USD,164002.04,7490.53,7915.55,-425.02000000000044,Wednesday,2,0,9,0,Banco Aurora,operational
2025-04-10,ACC-002,USD,164002.04,0.0,0.0,0.0,Thursday,3,0,10,0,Banco Aurora,operational
2025-04-11,ACC-002,USD,163064.02,8205.83,9143.85,-938.0200000000004,Friday,4,0,11,0,Banco Aurora,operational
2025-04-12,ACC-002,USD,163064.02,0.0,0.0,0.0,Saturday,5,1,12,0,Banco Aurora,operational
2025-04-13,ACC-002,USD,160220.82,2279.75,5122.94,-2843.1899999999996,Sunday,6,1,13,0,Banco Aurora,operational
2025-04-14,ACC-002,USD,164006.19,10566.87,6781.5,3785.370000000001,Monday,0,0,14,0,Banco Aurora,operational
2025-04-15,ACC-002,USD,165388.48,3700.91,2318.62,1382.29,Tuesday,1,0,15,0,Banco Aurora,operational
2025-04-16,ACC-002,USD,166085.48,4999.53,4302.53,697.0,Wednesday,2,0,16,0,Banco Aurora,operational
2025-04-17,ACC-002,USD,155576.18,1610.8,12120.11,-10509.310000000001,Thursday,3,0,17,0,Banco Aurora,operational
2025-04-18,ACC-002,USD,157284.78,10221.88,8513.28,1708.5999999999985,Friday,4,0,18,0,Banco Aurora,operational
2025-04-19,ACC-002,USD,152581.9,0.0,4702.88,-4702.88,Saturday,5,1,19,0,Banco Aurora,operational
2025-04-20,ACC-002,USD,153061.25,3782.89,3303.54,479.3499999999999,Sunday,6,1,20,0,Banco Aurora,operational
2025-04-21,ACC-002,USD,154635.62,8417.34,6842.97,1574.37,Monday,0,0,21,0,Banco Aurora,operational
2025-04-22,ACC-002,USD,154645.24,6927.72,6918.11,9.610000000000582,Tuesday,1,0,22,0,Banco Aurora,operational
2025-04-23,ACC-002,USD,160338.63,5693.39,0.0,5693.39,Wednesday,2,0,23,0,Banco Aurora,operational
2025-04-24,ACC-002,USD,162069.69,5078.31,3347.25,1731.0600000000004,Thursday,3,0,24,0,Banco Aurora,operational
2025-04-25,ACC-002,USD,152145.64,713.62,10637.66,-9924.039999999999,Friday,4,0,25,0,Banco Aurora,operational
2025-04-26,ACC-002,USD,153149.12,7086.93,6083.45,1003.4800000000005,Saturday,5,1,26,0,Banco Aurora,operational
2025-04-27,ACC-002,USD,149671.38,2619.5,6097.25,-3477.75,Sunday,6,1,27,0,Banco Aurora,operational
2025-04-28,ACC-002,USD,148801.06,4526.22,5396.54,-870.3199999999997,Monday,0,0,28,0,Banco Aurora,operational
2025-04-29,ACC-002,USD,144067.81,1209.84,5943.09,-4733.25,Tuesday,1,0,29,0,Banco Aurora,operational
2025-04-30,ACC-002,USD,147707.07,4496.03,856.77,3639.2599999999998,Wednesday,2,0,30,1,Banco Aurora,operational
2025-05-01,ACC-002,USD,147495.94,4279.97,4491.09,-211.1199999999999,Thursday,3,0,1,0,Banco Aurora,operational
2025-05-02,ACC-002,USD,149865.75,9727.54,7357.73,2369.8100000000013,Friday,4,0,2,0,Banco Aurora,operational
2025-05-03,ACC-002,USD,149034.47,1832.69,2663.98,-831.29,Saturday,5,1,3,0,Banco Aurora,operational
2025-05-04,ACC-002,USD,149651.85,1920.2000000000046,1302.82,617.3800000000047,Sunday,6,1,4,0,Banco Aurora,operational
2025-05-05,ACC-002,USD,146564.91,1249.81,4336.76,-3086.9500000000003,Monday,0,0,5,0,Banco Aurora,operational
2025-05-06,ACC-002,USD,147749.79,2209.91,1025.03,1184.8799999999999,Tuesday,1,0,6,0,Banco Aurora,operational
2025-05-07,ACC-002,USD,147808.76,5943.15,5884.18,58.969999999999345,Wednesday,2,0,7,0,Banco Aurora,operational
2025-05-08,ACC-002,USD,143441.56,0.0,4367.2,-4367.2,Thursday,3,0,8,0,Banco Aurora,operational
2025-05-09,ACC-002,USD,142972.44,7159.75,7628.86,-469.1099999999997,Friday,4,0,9,0,Banco Aurora,operational
2025-05-10,ACC-002,USD,145680.12,4649.0,1941.32,2707.6800000000003,Saturday,5,1,10,0,Banco Aurora,operational
2025-05-11,ACC-002,USD,145680.12,0.0,0.0,0.0,Sunday,6,1,11,0,Banco Aurora,operational
2025-05-12,ACC-002,USD,145287.73,5374.45,5766.84,-392.3900000000003,Monday,0,0,12,0,Banco Aurora,operational
2025-05-13,ACC-002,USD,145541.55,8099.3,7845.48,253.82000000000062,Tuesday,1,0,13,0,Banco Aurora,operational
2025-05-14,ACC-002,USD,148487.25,3981.35,1035.66,2945.6899999999996,Wednesday,2,0,14,0,Banco Aurora,operational
2025-05-15,ACC-002,USD,146597.49,3506.95,5396.71,-1889.7600000000002,Thursday,3,0,15,0,Banco Aurora,operational
2025-05-16,ACC-002,USD,147406.15,3805.43,2996.76,808.6699999999996,Friday,4,0,16,0,Banco Aurora,operational
2025-05-17,ACC-002,USD,149519.49,2514.41,401.07,2113.3399999999997,Saturday,5,1,17,0,Banco Aurora,operational
2025-05-18,ACC-002,USD,146674.28,0.0,2845.21,-2845.21,Sunday,6,1,18,0,Banco Aurora,operational
2025-05-19,ACC-002,USD,144485.61,3220.99,5409.65,-2188.66,Monday,0,0,19,0,Banco Aurora,operational
2025-05-20,ACC-002,USD,148278.74,5124.05,1330.92,3793.13,Tuesday,1,0,20,0,Banco Aurora,operational
2025-05-21,ACC-002,USD,142291.19,3021.21,9008.75,-5987.54,Wednesday,2,0,21,0,Banco Aurora,operational
2025-05-22,ACC-002,USD,143252.86,961.66,0.0,961.66,Thursday,3,0,22,0,Banco Aurora,operational
2025-05-23,ACC-002,USD,138585.36,0.0,4667.49,-4667.49,Friday,4,0,23,0,Banco Aurora,operational
2025-05-24,ACC-002,USD,138886.17,1748.72,1447.91,300.80999999999995,Saturday,5,1,24,0,Banco Aurora,operational
2025-05-25,ACC-002,USD,143925.49,5039.32,0.0,5039.32,Sunday,6,1,25,0,Banco Aurora,operational
2025-05-26,ACC-002,USD,140282.72,5457.46,9100.23,-3642.7699999999995,Monday,0,0,26,0,Banco Aurora,operational
2025-05-27,ACC-002,USD,137903.6,1044.32,3423.44,-2379.12,Tuesday,1,0,27,0,Banco Aurora,operational
2025-05-28,ACC-002,USD,138017.93,2060.58,1946.24,114.33999999999992,Wednesday,2,0,28,0,Banco Aurora,operational
2025-05-29,ACC-002,USD,132900.93,3239.94,8356.95,-5117.01,Thursday,3,0,29,0,Banco Aurora,operational
2025-05-30,ACC-002,USD,138411.86,8870.84,3359.9,5510.9400000000005,Friday,4,0,30,0,Banco Aurora,operational
2025-05-31,ACC-002,USD,143476.31,6934.6,1870.16,5064.4400000000005,Saturday,5,1,31,1,Banco Aurora,operational
2025-06-01,ACC-002,USD,148661.51,6753.98,1568.77,5185.209999999999,Sunday,6,1,1,0,Banco Aurora,operational
2025-06-02,ACC-002,USD,147667.22,4849.51,5843.81,-994.3000000000002,Monday,0,0,2,0,Banco Aurora,operational
2025-06-03,ACC-002,USD,154245.99,13818.27,7239.49,6578.780000000001,Tuesday,1,0,3,0,Banco Aurora,operational
2025-06-04,ACC-002,USD,148766.36,2445.53,7925.15,-5479.619999999999,Wednesday,2,0,4,0,Banco Aurora,operational
2025-06-05,ACC-002,USD,148849.43,3386.42,3303.36,83.05999999999995,Thursday,3,0,5,0,Banco Aurora,operational
2025-06-06,ACC-002,USD,151164.08,7170.38,4855.72,2314.66,Friday,4,0,6,0,Banco Aurora,operational
2025-06-07,ACC-002,USD,151843.08,2656.18,1977.18,678.9999999999998,Saturday,5,1,7,0,Banco Aurora,operational
2025-06-08,ACC-002,USD,151453.2,2844.27,3234.15,-389.8800000000001,Sunday,6,1,8,0,Banco Aurora,operational
2025-06-09,ACC-002,USD,144587.61,0.0,6865.59,-6865.59,Monday,0,0,9,0,Banco Aurora,operational
2025-06-10,ACC-002,USD,145629.45,1497.87,456.03,1041.84,Tuesday,1,0,10,0,Banco Aurora,operational
2025-06-11,ACC-002,USD,144923.46,4198.76,4904.74,-705.9799999999996,Wednesday,2,0,11,0,Banco Aurora,operational
2025-06-12,ACC-002,USD,140214.79,2337.6,7046.27,-4708.67,Thursday,3,0,12,0,Banco Aurora,operational
2025-06-13,ACC-002,USD,137311.69,442.59,3345.68,-2903.0899999999997,Friday,4,0,13,0,Banco Aurora,operational
2025-06-14,ACC-002,USD,135723.58,0.0,1588.1100000000151,-1588.1100000000151,Saturday,5,1,14,0,Banco Aurora,operational
2025-06-15,ACC-002,USD,138109.23,2385.65,0.0,2385.65,Sunday,6,1,15,0,Banco Aurora,operational
2025-06-16,ACC-002,USD,139659.59,6143.88,4593.52,1550.3599999999997,Monday,0,0,16,0,Banco Aurora,operational
2025-06-17,ACC-002,USD,139659.59,0.0,0.0,0.0,Tuesday,1,0,17,0,Banco Aurora,operational
2025-06-18,ACC-002,USD,139963.07,4155.38,3851.9,303.48,Wednesday,2,0,18,0,Banco Aurora,operational
2025-06-19,ACC-002,USD,139471.97,3909.39,4400.49,-491.0999999999999,Thursday,3,0,19,0,Banco Aurora,operational
2025-06-20,ACC-002,USD,137178.8,4813.34,7106.51,-2293.17,Friday,4,0,20,0,Banco Aurora,operational
2025-06-21,ACC-002,USD,137178.8,0.0,0.0,0.0,Saturday,5,1,21,0,Banco Aurora,operational
2025-06-22,ACC-002,USD,134630.25,0.0,2548.55,-2548.55,Sunday,6,1,22,0,Banco Aurora,operational
2025-06-23,ACC-002,USD,138874.57,7391.06,3146.74,4244.320000000001,Monday,0,0,23,0,Banco Aurora,operational
2025-06-24,ACC-002,USD,138874.57,0.0,0.0,0.0,Tuesday,1,0,24,0,Banco Aurora,operational
2025-06-25,ACC-002,USD,137832.15,1852.48,2894.9,-1042.42,Wednesday,2,0,25,0,Banco Aurora,operational
2025-06-26,ACC-002,USD,136324.35,3009.18,4516.98,-1507.7999999999997,Thursday,3,0,26,0,Banco Aurora,operational
2025-06-27,ACC-002,USD,132340.72,3239.76,7223.39,-3983.63,Friday,4,0,27,0,Banco Aurora,operational
2025-06-28,ACC-002,USD,132340.72,0.0,0.0,0.0,Saturday,5,1,28,0,Banco Aurora,operational
2025-06-29,ACC-002,USD,135196.3,2855.58,0.0,2855.58,Sunday,6,1,29,0,Banco Aurora,operational
2025-06-30,ACC-002,USD,135702.31,5109.59,4603.58,506.0100000000002,Monday,0,0,30,1,Banco Aurora,operational
2025-07-01,ACC-002,USD,130720.09,3670.9,8653.13,-4982.23,Tuesday,1,0,1,0,Banco Aurora,operational
2025-07-02,ACC-002,USD,123445.5,2294.9,9569.49,-7274.59,Wednesday,2,0,2,0,Banco Aurora,operational
2025-07-03,ACC-002,USD,125794.88,3146.8,797.42,2349.38,Thursday,3,0,3,0,Banco Aurora,operational
2025-07-04,ACC-002,USD,128426.92,3949.76,1317.71,2632.05,Friday,4,0,4,0,Banco Aurora,operational
2025-07-05,ACC-002,USD,125763.26,0.0,2663.66,-2663.66,Saturday,5,1,5,0,Banco Aurora,operational
2025-07-06,ACC-002,USD,128625.0,2906.6,44.85999999999467,2861.7400000000052,Sunday,6,1,6,0,Banco Aurora,operational
2025-07-07,ACC-002,USD,127930.16,6398.850000000003,7093.69,-694.8399999999965,Monday,0,0,7,0,Banco Aurora,operational
2025-07-08,ACC-002,USD,129994.67,7512.8299999999945,5448.32,2064.5099999999948,Tuesday,1,0,8,0,Banco Aurora,operational
2025-07-09,ACC-002,USD,137439.28,7444.61,0.0,7444.61,Wednesday,2,0,9,0,Banco Aurora,operational
2025-07-10,ACC-002,USD,138673.76,3249.32,2014.85,1234.4700000000003,Thursday,3,0,10,0,Banco Aurora,operational
2025-07-11,ACC-002,USD,140311.98,4490.88,2852.66,1638.2200000000003,Friday,4,0,11,0,Banco Aurora,operational
2025-07-12,ACC-002,USD,134451.62,1217.47,7077.83,-5860.36,Saturday,5,1,12,0,Banco Aurora,operational
2025-07-13,ACC-002,USD,132774.97,1157.04,2833.68,-1676.6399999999999,Sunday,6,1,13,0,Banco Aurora,operational
2025-07-14,ACC-002,USD,131691.58,3366.46,4449.86,-1083.3999999999996,Monday,0,0,14,0,Banco Aurora,operational
2025-07-15,ACC-002,USD,130263.23,3966.59,5394.939999999991,-1428.3499999999913,Tuesday,1,0,15,0,Banco Aurora,operational
2025-07-16,ACC-002,USD,128746.74,6943.83,8460.32,-1516.4899999999998,Wednesday,2,0,16,0,Banco Aurora,operational
2025-07-17,ACC-002,USD,127768.45,4659.65,5637.94,-978.29,Thursday,3,0,17,0,Banco Aurora,operational
2025-07-18,ACC-002,USD,124796.59,892.17,3864.03,-2971.86,Friday,4,0,18,0,Banco Aurora,operational
2025-07-19,ACC-002,USD,124882.25,3844.46,3758.8,85.65999999999985,Saturday,5,1,19,0,Banco Aurora,operational
2025-07-20,ACC-002,USD,123096.98,2027.11,3812.39,-1785.28,Sunday,6,1,20,0,Banco Aurora,operational
2025-07-21,ACC-002,USD,121103.94,4901.15,6894.18,-1993.0300000000007,Monday,0,0,21,0,Banco Aurora,operational
2025-07-22,ACC-002,USD,122424.11,4333.969999999998,3013.8,1320.1699999999983,Tuesday,1,0,22,0,Banco Aurora,operational
2025-07-23,ACC-002,USD,126919.13,4495.02,0.0,4495.02,Wednesday,2,0,23,0,Banco Aurora,operational
2025-07-24,ACC-002,USD,131698.62,4779.48,0.0,4779.48,Thursday,3,0,24,0,Banco Aurora,operational
2025-07-25,ACC-002,USD,126294.32,0.0,5404.3,-5404.3,Friday,4,0,25,0,Banco Aurora,operational
2025-07-26,ACC-002,USD,129016.03,2721.72,0.0,2721.72,Saturday,5,1,26,0,Banco Aurora,operational
2025-07-27,ACC-002,USD,123828.19,0.0,5187.84,-5187.84,Sunday,6,1,27,0,Banco Aurora,operational
2025-07-28,ACC-002,USD,116827.07,2516.11,9517.24,-7001.129999999999,Monday,0,0,28,0,Banco Aurora,operational
2025-07-29,ACC-002,USD,115635.54,3500.33,4691.86,-1191.5299999999997,Tuesday,1,0,29,0,Banco Aurora,operational
2025-07-30,ACC-002,USD,118840.6,7208.43,4003.37,3205.0600000000004,Wednesday,2,0,30,0,Banco Aurora,operational
2025-07-31,ACC-002,USD,116481.34,1182.83,3542.1,-2359.27,Thursday,3,0,31,1,Banco Aurora,operational
2025-08-01,ACC-002,USD,119344.75,3411.48,548.06,2863.42,Friday,4,0,1,0,Banco Aurora,operational
2025-08-02,ACC-002,USD,120166.25,821.5,0.0,821.5,Saturday,5,1,2,0,Banco Aurora,operational
2025-08-03,ACC-002,USD,122208.46,3663.53,1621.31,2042.2200000000003,Sunday,6,1,3,0,Banco Aurora,operational
2025-08-04,ACC-002,USD,121532.37,2975.05,3651.14,-676.0899999999997,Monday,0,0,4,0,Banco Aurora,operational
2025-08-05,ACC-002,USD,120332.38,4188.3,5388.29,-1199.9899999999998,Tuesday,1,0,5,0,Banco Aurora,operational
2025-08-06,ACC-002,USD,120192.49,1204.02,1343.9,-139.8800000000001,Wednesday,2,0,6,0,Banco Aurora,operational
2025-08-07,ACC-002,USD,123598.79,6261.26,2854.96,3406.3,Thursday,3,0,7,0,Banco Aurora,operational
2025-08-08,ACC-002,USD,118752.1,205.56,5052.26,-4846.7,Friday,4,0,8,0,Banco Aurora,operational
2025-08-09,ACC-002,USD,121277.65,2525.55,0.0,2525.55,Saturday,5,1,9,0,Banco Aurora,operational
2025-08-10,ACC-002,USD,119953.05,2011.95,3336.55,-1324.6000000000001,Sunday,6,1,10,0,Banco Aurora,operational
2025-08-11,ACC-002,USD,119095.16,4496.77,5354.66,-857.8899999999994,Monday,0,0,11,0,Banco Aurora,operational
2025-08-12,ACC-002,USD,114723.63,228.02,4599.55,-4371.53,Tuesday,1,0,12,0,Banco Aurora,operational
2025-08-13,ACC-002,USD,114907.58,2747.36,2563.41,183.95000000000027,Wednesday,2,0,13,0,Banco Aurora,operational
2025-08-14,ACC-002,USD,113278.83,5447.9,7076.64,-1628.7400000000007,Thursday,3,0,14,0,Banco Aurora,operational
2025-08-15,ACC-002,USD,114138.76,7463.65,6603.72,859.9299999999994,Friday,4,0,15,0,Banco Aurora,operational
2025-08-16,ACC-002,USD,112991.77,1119.17,2266.16,-1146.9899999999998,Saturday,5,1,16,0,Banco Aurora,operational
2025-08-17,ACC-002,USD,114360.43,3088.79,1720.14,1368.6499999999999,Sunday,6,1,17,0,Banco Aurora,operational
2025-08-18,ACC-002,USD,17471.783116087656,3729.9,13415.455428263724,-9685.555428263724,Monday,0,0,18,0,Banco Aurora,operational
2025-08-19,ACC-002,USD,17670.962626542118,3242.96,3043.7804895455383,199.1795104544617,Tuesday,1,0,19,0,Banco Aurora,operational
2025-08-20,ACC-002,USD,17265.10084208704,2471.3,12307.29969822573,-9835.999698225729,Wednesday,2,0,20,0,Banco Aurora,operational
2025-08-21,ACC-002,USD,110242.83,3343.12,4315.62,-972.5,Thursday,3,0,21,0,Banco Aurora,operational
2025-08-22,ACC-002,USD,112326.23999999999,4784.71,2701.3,2083.41,Friday,4,0,22,0,Banco Aurora,operational
2025-08-23,ACC-002,USD,113084.23,3046.85,2288.86,757.9899999999998,Saturday,5,1,23,0,Banco Aurora,operational
2025-08-24,ACC-002,USD,108374.72,0.0,4709.52,-4709.52,Sunday,6,1,24,0,Banco Aurora,operational
2025-08-25,ACC-002,USD,110540.6,2165.88,0.0,2165.88,Monday,0,0,25,0,Banco Aurora,operational
2025-08-26,ACC-002,USD,110266.46,1005.82,1279.96,-274.14,Tuesday,1,0,26,0,Banco Aurora,operational
2025-08-27,ACC-002,USD,110764.92,3423.05,2924.6,498.4500000000003,Wednesday,2,0,27,0,Banco Aurora,operational
2025-08-28,ACC-002,USD,108424.38,2576.76,4917.3,-2340.54,Thursday,3,0,28,0,Banco Aurora,operational
2025-08-29,ACC-002,USD,108259.2,3989.75,4154.93,-165.1800000000003,Friday,4,0,29,0,Banco Aurora,operational
2025-08-30,ACC-002,USD,107725.9,2186.46,2719.76,-533.3000000000002,Saturday,5,1,30,0,Banco Aurora,operational
2025-08-31,ACC-002,USD,107132.2,0.0,593.7,-593.7,Sunday,6,1,31,1,Banco Aurora,operational
2025-09-01,ACC-002,USD,103626.71,0.0,3505.49,-3505.49,Monday,0,0,1,0,Banco Aurora,operational
2025-09-02,ACC-002,USD,101242.95,3099.2,5482.96,-2383.76,Tuesday,1,0,2,0,Banco Aurora,operational
2025-09-03,ACC-002,USD,103034.66,5442.08,3650.37,1791.71,Wednesday,2,0,3,0,Banco Aurora,operational
2025-09-04,ACC-002,USD,100774.07859194938,2059.95,4296.88,-2236.9300000000003,Thursday,3,0,4,0,Banco Aurora,operational
2025-09-05,ACC-002,USD,99534.69,1959.67,3222.72,-1263.0499999999997,Friday,4,0,5,0,Banco Aurora,operational
2025-09-06,ACC-002,USD,102528.51,3157.51,163.69000000000779,2993.8199999999924,Saturday,5,1,6,0,Banco Aurora,operational
2025-09-07,ACC-002,USD,102709.53,2882.44,2701.42,181.01999999999998,Sunday,6,1,7,0,Banco Aurora,operational
2025-09-08,ACC-002,USD,98542.22,1119.96,5287.27,-4167.31,Monday,0,0,8,0,Banco Aurora,operational
2025-09-09,ACC-002,USD,99521.02,4333.03,3354.23,978.7999999999997,Tuesday,1,0,9,0,Banco Aurora,operational
2025-09-10,ACC-002,USD,99514.82,1468.29,1474.49,-6.2000000000000455,Wednesday,2,0,10,0,Banco Aurora,operational
2025-09-11,ACC-002,USD,97165.76,1915.34,4264.4,-2349.0599999999995,Thursday,3,0,11,0,Banco Aurora,operational
2025-09-12,ACC-002,USD,94264.12,1057.8900000000008,3959.53,-2901.6399999999994,Friday,4,0,12,0,Banco Aurora,operational
2025-09-13,ACC-002,USD,93442.26,0.0,821.85,-821.85,Saturday,5,1,13,0,Banco Aurora,operational
2025-09-14,ACC-002,USD,89002.86,1326.22,5765.63,-4439.41,Sunday,6,1,14,0,Banco Aurora,operational
2025-09-15,ACC-002,USD,83752.88,218.39,5468.36,-5249.969999999999,Monday,0,0,15,0,Banco Aurora,operational
2025-09-16,ACC-002,USD,83147.63,2763.58,3368.83,-605.25,Tuesday,1,0,16,0,Banco Aurora,operational
2025-09-17,ACC-002,USD,82479.75499030117,2691.24,3400.28,-709.0400000000004,Wednesday,2,0,17,0,Banco Aurora,operational
2025-09-18,ACC-002,USD,79622.92,2219.77,5035.43,-2815.6600000000003,Thursday,3,0,18,0,Banco Aurora,operational
2025-09-19,ACC-002,USD,76933.72,1661.78,4350.97,-2689.1900000000005,Friday,4,0,19,0,Banco Aurora,operational
2025-09-20,ACC-002,USD,76041.68,0.0,892.04,-892.04,Saturday,5,1,20,0,Banco Aurora,operational
2025-09-21,ACC-002,USD,74376.33,0.0,1665.35,-1665.35,Sunday,6,1,21,0,Banco Aurora,operational
2025-09-22,ACC-002,USD,76492.31,4380.95,2264.97,2115.98,Monday,0,0,22,0,Banco Aurora,operational
2025-09-23,ACC-002,USD,77743.32,1993.56,742.56,1251.0,Tuesday,1,0,23,0,Banco Aurora,operational
2025-09-24,ACC-002,USD,79707.89,1975.78,11.2,1964.58,Wednesday,2,0,24,0,Banco Aurora,operational
2025-09-25,ACC-002,USD,77731.67,935.97,2912.19,-1976.22,Thursday,3,0,25,0,Banco Aurora,operational
2025-09-26,ACC-002,USD,75259.5,4382.53,6854.71,-2472.1800000000003,Friday,4,0,26,0,Banco Aurora,operational
2025-09-27,ACC-002,USD,72155.97,20.19,3123.72,-3103.5299999999997,Saturday,5,1,27,0,Banco Aurora,operational
2025-01-01,ACC-003,COP,4007800005.09,129750099.22,129750099.22,0.0,Wednesday,2,0,1,0,Banco Sureste,reserve
2025-01-02,ACC-003,COP,4014640436.7,137571520.61,130731089.0,6840431.610000014,Thursday,3,0,2,0,Banco Sureste,reserve
2025-01-03,ACC-003,COP,4027436255.54,124871204.54,112075385.7,12795818.840000004,Friday,4,0,3,0,Banco Sureste,reserve
2025-01-04,ACC-003,COP,4027436255.54,0.0,0.0,0.0,Saturday,5,1,4,0,Banco Sureste,reserve
2025-01-05,ACC-003,COP,4061667247.55,74638256.33,40407264.32,34230992.01,Sunday,6,1,5,0,Banco Sureste,reserve
2025-01-06,ACC-003,COP,4028987295.19,97638869.82,130318822.18,-32679952.360000014,Monday,0,0,6,0,Banco Sureste,reserve
2025-01-07,ACC-003,COP,4045690199.73,152897338.33,136194433.8,16702904.530000001,Tuesday,1,0,7,0,Banco Sureste,reserve
2025-01-08,ACC-003,COP,3961444855.13,94828755.72,179074100.32,-84245344.6,Wednesday,2,0,8,0,Banco Sureste,reserve
2025-01-09,ACC-003,COP,3996488939.1,181401908.51,146357824.54,35044083.97,Thursday,3,0,9,0,Banco Sureste,reserve
2025-01-10,ACC-003,COP,3977773521.85,158807022.71,177522439.95,-18715417.23999998,Friday,4,0,10,0,Banco Sureste,reserve
2025-01-11,ACC-003,COP,3995116619.95,92686073.64,75342975.54,17343098.099999994,Saturday,5,1,11,0,Banco Sureste,reserve
2025-01-12,ACC-003,COP,3995064143.04,71846061.76,71898538.67,-52476.909999996424,Sunday,6,1,12,0,Banco Sureste,reserve
2025-01-13,ACC-003,COP,3915240331.21,76012580.33,155836392.16,-79823811.83,Monday,0,0,13,0,Banco Sureste,reserve
2025-01-14,ACC-003,COP,3885436953.47,64373834.52,94177212.26,-29803377.740000002,Tuesday,1,0,14,0,Banco Sureste,reserve
2025-01-15,ACC-003,COP,3895669053.73,167212307.46,156980207.2,10232100.26000002,Wednesday,2,0,15,0,Banco Sureste,reserve
2025-01-16,ACC-003,COP,3956405365.4,174814186.49,114077874.83,60736311.66000001,Thursday,3,0,16,0,Banco Sureste,reserve
2025-01-17,ACC-003,COP,3912417589.85,73104525.98,117092301.53,-43987775.55,Friday,4,0,17,0,Banco Sureste,reserve
2025-01-18,ACC-003,COP,3910189177.77,50940901.5,53169313.58,-2228412.079999998,Saturday,5,1,18,0,Banco Sureste,reserve
2025-01-19,ACC-003,COP,3965516434.88,91251321.52,35924064.41,55327257.11,Sunday,6,1,19,0,Banco Sureste,reserve
2025-01-20,ACC-003,COP,4010749558.93,132925477.88,87692353.83,45233124.05,Monday,0,0,20,0,Banco Sureste,reserve
2025-01-21,ACC-003,COP,4020664481.89,138383585.01,128468662.05,9914922.959999993,Tuesday,1,0,21,0,Banco Sureste,reserve
2025-01-22,ACC-003,COP,3991957581.76,90472455.88,119179356.02,-28706900.14,Wednesday,2,0,22,0,Banco Sureste,reserve
2025-01-23,ACC-003,COP,3987405927.09,112406509.78,116958164.45,-4551654.670000002,Thursday,3,0,23,0,Banco Sureste,reserve
2025-01-24,ACC-003,COP,4053987122.6499996,190252743.5,123671547.94,66581195.56,Friday,4,0,24,0,Banco Sureste,reserve
2025-01-25,ACC-003,COP,4092747451.22,38760328.57,0.0,38760328.57,Saturday,5,1,25,0,Banco Sureste,reserve
2025-01-26,ACC-003,COP,4063642535.53,12515320.81,41620236.5,-29104915.689999998,Sunday,6,1,26,0,Banco Sureste,reserve
2025-01-27,ACC-003,COP,3971496991.8900003,94038674.99,186184218.62,-92145543.63000001,Monday,0,0,27,0,Banco Sureste,reserve
2025-01-28,ACC-003,COP,3905832974.52,112594410.97,178258428.34,-65664017.370000005,Tuesday,1,0,28,0,Banco Sureste,reserve
2025-01-29,ACC-003,COP,3898977331.4,119585069.18,126440712.3,-6855643.11999999,Wednesday,2,0,29,0,Banco Sureste,reserve
2025-01-30,ACC-003,COP,3887569208.38,113507166.58000001,124915289.6,-11408123.01999998,Thursday,3,0,30,0,Banco Sureste,reserve
2025-01-31,ACC-003,COP,4036789887.63,183446421.55,34225742.3,149220679.25,Friday,4,0,31,1,Banco Sureste,reserve
2025-02-01,ACC-003,COP,4007045642.25,0.0,29744245.38,-29744245.38,Saturday,5,1,1,0,Banco Sureste,reserve
2025-02-02,ACC-003,COP,3976769345.31,48666686.57,78942983.5,-30276296.93,Sunday,6,1,2,0,Banco Sureste,reserve
2025-02-03,ACC-003,COP,4002909966.96,138116667.0300001,111976045.38,26140621.650000095,Monday,0,0,3,0,Banco Sureste,reserve
2025-02-04,ACC-003,COP,3994457754.12,160878700.57,169330913.41,-8452212.840000004,Tuesday,1,0,4,0,Banco Sureste,reserve
2025-02-05,ACC-003,COP,3955368000.88,127185844.94,166275598.18,-39089753.24000001,Wednesday,2,0,5,0,Banco Sureste,reserve
2025-02-06,ACC-003,COP,3980450108.35,129445163.53,104363056.06,25082107.47,Thursday,3,0,6,0,Banco Sureste,reserve
2025-02-07,ACC-003,COP,3995862559.1,147189754.37,131777303.62,15412450.75,Friday,4,0,7,0,Banco Sureste,reserve
2025-02-08,ACC-003,COP,3933862207.19,48003889.14,110004241.06,-62000351.92,Saturday,5,1,8,0,Banco Sureste,reserve
2025-02-09,ACC-003,COP,3933862207.19,0.0,0.0,0.0,Sunday,6,1,9,0,Banco Sureste,reserve
2025-02-10,ACC-003,COP,3893586941.23,71318151.34,111593417.3,-40275265.95999999,Monday,0,0,10,0,Banco Sureste,reserve
2025-02-11,ACC-003,COP,3934575411.48,106894217.79,65905747.54,40988470.25000001,Tuesday,1,0,11,0,Banco Sureste,reserve
2025-02-12,ACC-003,COP,3921814939.97,79275476.64,92035948.15,-12760471.510000005,Wednesday,2,0,12,0,Banco Sureste,reserve
2025-02-13,ACC-003,COP,3939685950.38,214030073.38000032,196159062.97,17871010.410000324,Thursday,3,0,13,0,Banco Sureste,reserve
2025-02-14,ACC-003,COP,3929908984.33,101968944.55999981,111745910.61,-9776966.05000019,Friday,4,0,14,0,Banco Sureste,reserve
2025-02-15,ACC-003,COP,3931905221.0,1996236.68,0.0,1996236.68,Saturday,5,1,15,0,Banco Sureste,reserve
2025-02-16,ACC-003,COP,3963398672.9,42587244.5,11093792.6,31493451.9,Sunday,6,1,16,0,Banco Sureste,reserve
2025-02-17,ACC-003,COP,4015531448.1,115538995.34,63406220.15,52132775.190000005,Monday,0,0,17,0,Banco Sureste,reserve
2025-02-18,ACC-003,COP,3970934893.45,89868619.44,134465174.09,-44596554.650000006,Tuesday,1,0,18,0,Banco Sureste,reserve
2025-02-19,ACC-003,COP,3960957428.68,133669991.5,143647456.27,-9977464.77000001,Wednesday,2,0,19,0,Banco Sureste,reserve
2025-02-20,ACC-003,COP,3866877769.39,66524716.35,160604375.64,-94079659.28999999,Thursday,3,0,20,0,Banco Sureste,reserve
2025-02-21,ACC-003,COP,3803728963.64,85063124.88,148211930.63,-63148805.75,Friday,4,0,21,0,Banco Sureste,reserve
2025-02-22,ACC-003,COP,3848969044.78,45240081.14,0.0,45240081.14,Saturday,5,1,22,0,Banco Sureste,reserve
2025-02-23,ACC-003,COP,3819656780.44,34017276.77,63329541.110000156,-29312264.340000153,Sunday,6,1,23,0,Banco Sureste,reserve
2025-02-24,ACC-003,COP,3840815894.38,138002877.13,116843763.19,21159113.939999998,Monday,0,0,24,0,Banco Sureste,reserve
2025-02-25,ACC-003,COP,3853270435.86,174057283.93,161602742.45,12454541.48000002,Tuesday,1,0,25,0,Banco Sureste,reserve
2025-02-26,ACC-003,COP,3806770095.78,105708535.89,152208875.97,-46500340.08,Wednesday,2,0,26,0,Banco Sureste,reserve
2025-02-27,ACC-003,COP,3798140486.18,187818174.98,196447784.58,-8629609.600000024,Thursday,3,0,27,0,Banco Sureste,reserve
2025-02-28,ACC-003,COP,3779094073.78,67303053.94,86349466.35,-19046412.409999996,Friday,4,0,28,1,Banco Sureste,reserve
2025-03-01,ACC-003,COP,3872180712.86,101465606.76,8378967.680000082,93086639.07999992,Saturday,5,1,1,0,Banco Sureste,reserve
2025-03-02,ACC-003,COP,3841443115.09,0.0,30737597.77,-30737597.77,Sunday,6,1,2,0,Banco Sureste,reserve
2025-03-03,ACC-003,COP,3853836510.1,131386063.45,118992668.45,12393395.0,Monday,0,0,3,0,Banco Sureste,reserve
2025-03-04,ACC-003,COP,3847040224.76,90543436.98,97339722.32,-6796285.339999989,Tuesday,1,0,4,0,Banco Sureste,reserve
2025-03-05,ACC-003,COP,3845777340.1,88007313.34,89270198.0,-1262884.6599999964,Wednesday,2,0,5,0,Banco Sureste,reserve
2025-03-06,ACC-003,COP,3914390692.24,203119840.38,134506488.24,68613352.13999999,Thursday,3,0,6,0,Banco Sureste,reserve
2025-03-07,ACC-003,COP,3960417527.63,152142934.66,106116099.26,46026835.39999999,Friday,4,0,7,0,Banco Sureste,reserve
2025-03-08,ACC-003,COP,3978649231.341586,40160349.49,22433627.41,17726722.080000002,Saturday,5,1,8,0,Banco Sureste,reserve
2025-03-09,ACC-003,COP,3978144249.72,0.0,0.0,0.0,Sunday,6,1,9,0,Banco Sureste,reserve
2025-03-10,ACC-003,COP,3987658582.31,47315304.59,37800972.0,9514332.590000004,Monday,0,0,10,0,Banco Sureste,reserve
2025-03-11,ACC-003,COP,3879181721.56,71962922.74,180439783.49,-108476860.75000001,Tuesday,1,0,11,0,Banco Sureste,reserve
2025-03-12,ACC-003,COP,3819636284.85,114651691.95,174197128.66,-59545436.70999999,Wednesday,2,0,12,0,Banco Sureste,reserve
2025-03-13,ACC-003,COP,3797804151.05,130287128.18,152119261.97,-21832133.78999999,Thursday,3,0,13,0,Banco Sureste,reserve
2025-03-14,ACC-003,COP,3736095608.18,79719821.05,141428363.92,-61708542.86999999,Friday,4,0,14,0,Banco Sureste,reserve
2025-03-15,ACC-003,COP,3781876286.35,72058607.79,26277929.62,45780678.17,Saturday,5,1,15,0,Banco Sureste,reserve
2025-03-16,ACC-003,COP,3778599389.33,66543640.03,69820537.04,-3276897.0100000054,Sunday,6,1,16,0,Banco Sureste,reserve
2025-03-17,ACC-003,COP,3792701719.69,92592589.69,78490259.33,14102330.36,Monday,0,0,17,0,Banco Sureste,reserve
2025-03-18,ACC-003,COP,3736924963.47,68870595.98,124647352.21,-55776756.22999999,Tuesday,1,0,18,0,Banco Sureste,reserve
2025-03-19,ACC-003,COP,3771287322.56,124327862.32,89965503.23,34362359.08999999,Wednesday,2,0,19,0,Banco Sureste,reserve
2025-03-20,ACC-003,COP,3743230766.61,114141229.28,142197785.24,-28056555.96000001,Thursday,3,0,20,0,Banco Sureste,reserve
2025-03-21,ACC-003,COP,3700794155.99,135437228.03,177873838.65,-42436610.620000005,Friday,4,0,21,0,Banco Sureste,reserve
2025-03-22,ACC-003,COP,3782147687.5,91667961.88,10314430.37,81353531.50999999,Saturday,5,1,22,0,Banco Sureste,reserve
2025-03-23,ACC-003,COP,3862880001.83,109061489.13999993,28329174.81,80732314.32999992,Sunday,6,1,23,0,Banco Sureste,reserve
2025-03-24,ACC-003,COP,3892890182.96,156248582.97,126238401.84,30010181.129999995,Monday,0,0,24,0,Banco Sureste,reserve
2025-03-25,ACC-003,COP,3939431533.49,100742182.8,54200832.26,46541350.54,Tuesday,1,0,25,0,Banco Sureste,reserve
2025-03-26,ACC-003,COP,3986224838.91,111424279.59,64630974.17,46793305.42,Wednesday,2,0,26,0,Banco Sureste,reserve
2025-03-27,ACC-003,COP,3956348345.98,158145467.57,188021960.5,-29876492.930000007,Thursday,3,0,27,0,Banco Sureste,reserve
2025-03-28,ACC-003,COP,3904960060.07,87161875.64,138550161.55,-51388285.91000001,Friday,4,0,28,0,Banco Sureste,reserve
2025-03-29,ACC-003,COP,3898051920.51,18533271.51,25441411.07,-6908139.559999999,Saturday,5,1,29,0,Banco Sureste,reserve
2025-03-30,ACC-003,COP,3926625926.1,76966828.72,48392823.13,28574005.589999996,Sunday,6,1,30,0,Banco Sureste,reserve
2025-03-31,ACC-003,COP,4006017610.82,186108248.82,106716564.1,79391684.72,Monday,0,0,31,1,Banco Sureste,reserve
2025-04-01,ACC-003,COP,4034136766.59,160214117.79,132094962.02,28119155.769999996,Tuesday,1,0,1,0,Banco Sureste,reserve
2025-04-02,ACC-003,COP,4076210217.79,153126876.27,111053425.07,42073451.20000002,Wednesday,2,0,2,0,Banco Sureste,reserve
2025-04-03,ACC-003,COP,4070745652.07,120266184.13,125730749.85,-5464565.719999999,Thursday,3,0,3,0,Banco Sureste,reserve
2025-04-04,ACC-003,COP,4001618746.83,88088610.91,157215516.15,-69126905.24000001,Friday,4,0,4,0,Banco Sureste,reserve
2025-04-05,ACC-003,COP,4000686142.0,74039911.07,74972515.9,-932604.8300000131,Saturday,5,1,5,0,Banco Sureste,reserve
2025-04-06,ACC-003,COP,4000991028.4,109497405.63,109192519.23,304886.39999999106,Sunday,6,1,6,0,Banco Sureste,reserve
2025-04-07,ACC-003,COP,3963061753.15,105028227.45,142957502.7,-37929275.249999985,Monday,0,0,7,0,Banco Sureste,reserve
2025-04-08,ACC-003,COP,3929496363.63,94178172.19,127743561.70999998,-33565389.51999998,Tuesday,1,0,8,0,Banco Sureste,reserve
2025-04-09,ACC-003,COP,3834409634.23,94317758.11,189404487.52,-95086729.41000001,Wednesday,2,0,9,0,Banco Sureste,reserve
2025-04-10,ACC-003,COP,3849046621.77,128977965.94,114340978.4,14636987.539999992,Thursday,3,0,10,0,Banco Sureste,reserve
2025-04-11,ACC-003,COP,3970839462.94,161414333.97,39621492.79,121792841.18,Friday,4,0,11,0,Banco Sureste,reserve
2025-04-12,ACC-003,COP,3888411242.43,0.0,82428220.51000023,-82428220.51000023,Saturday,5,1,12,0,Banco Sureste,reserve
2025-04-13,ACC-003,COP,3877913393.28,49012196.84,59510046.0,-10497849.159999996,Sunday,6,1,13,0,Banco Sureste,reserve
2025-04-14,ACC-003,COP,3819622057.54,64900909.66,123192245.4,-58291335.74000001,Monday,0,0,14,0,Banco Sureste,reserve
2025-04-15,ACC-003,COP,3857027990.31,191115149.09,153709216.32,37405932.77000001,Tuesday,1,0,15,0,Banco Sureste,reserve
2025-04-16,ACC-003,COP,3872793995.49,122256468.66,106490463.48,15766005.179999992,Wednesday,2,0,16,0,Banco Sureste,reserve
2025-04-17,ACC-003,COP,3932226861.78,100902826.15,41469959.85,59432866.300000004,Thursday,3,0,17,0,Banco Sureste,reserve
2025-04-18,ACC-003,COP,3901247100.0,128097811.69,159077573.48,-30979761.78999999,Friday,4,0,18,0,Banco Sureste,reserve
2025-04-19,ACC-003,COP,3877114644.45,0.0,24132455.55,-24132455.55,Saturday,5,1,19,0,Banco Sureste,reserve
2025-04-20,ACC-003,COP,3866564494.51,1649144.97,12199294.9,-10550149.93,Sunday,6,1,20,0,Banco Sureste,reserve
2025-04-21,ACC-003,COP,3941494020.77,118064836.43,43135310.18,74929526.25,Monday,0,0,21,0,Banco Sureste,reserve
2025-04-22,ACC-003,COP,3928109312.82,142456253.22,155840961.17,-13384707.949999988,Tuesday,1,0,22,0,Banco Sureste,reserve
2025-04-23,ACC-003,COP,4007834452.05,107979695.24,28254556.01,79725139.22999999,Wednesday,2,0,23,0,Banco Sureste,reserve
2025-04-24,ACC-003,COP,3910471305.69,80300224.58,177663370.94,-97363146.36,Thursday,3,0,24,0,Banco Sureste,reserve
2025-04-25,ACC-003,COP,3807607497.17,8681469.95,111545278.47,-102863808.52,Friday,4,0,25,0,Banco Sureste,reserve
2025-04-26,ACC-003,COP,3728996733.94,761491.86,79372255.09,-78610763.23,Saturday,5,1,26,0,Banco Sureste,reserve
2025-04-27,ACC-003,COP,3685775127.09,19572983.58,62794590.43,-43221606.85,Sunday,6,1,27,0,Banco Sureste,reserve
2025-04-28,ACC-003,COP,3631566021.04,131414853.3,185623959.34,-54209106.04000001,Monday,0,0,28,0,Banco Sureste,reserve
2025-04-29,ACC-003,COP,3603276618.78,101577009.96,129866412.22,-28289402.260000005,Tuesday,1,0,29,0,Banco Sureste,reserve
2025-04-30,ACC-003,COP,3499665515.09,54587641.71,158198745.39,-103611103.67999998,Wednesday,2,0,30,1,Banco Sureste,reserve
2025-05-01,ACC-003,COP,3485675438.27,78374699.56,92364776.38,-13990076.819999993,Thursday,3,0,1,0,Banco Sureste,reserve
2025-05-02,ACC-003,COP,3532405677.23,103794777.23,57064538.27,46730238.96,Friday,4,0,2,0,Banco Sureste,reserve
2025-05-03,ACC-003,COP,3503486004.63,50469953.62,79389626.22,-28919672.6,Saturday,5,1,3,0,Banco Sureste,reserve
2025-05-04,ACC-003,COP,3555790732.19,52304727.56,0.0,52304727.56,Sunday,6,1,4,0,Banco Sureste,reserve
2025-05-05,ACC-003,COP,3517891756.35,102271322.55,140170298.39,-37898975.83999999,Monday,0,0,5,0,Banco Sureste,reserve
2025-05-06,ACC-003,COP,3482599465.86,39471140.71,74763431.2,-35292290.49,Tuesday,1,0,6,0,Banco Sureste,reserve
2025-05-07,ACC-003,COP,3496754427.65,135004486.85,120849525.06,14154961.789999992,Wednesday,2,0,7,0,Banco Sureste,reserve
2025-05-08,ACC-003,COP,3439144586.32,119308267.37,176918108.7,-57609841.32999998,Thursday,3,0,8,0,Banco Sureste,reserve
2025-05-09,ACC-003,COP,3425754784.77,119288545.1099998,132678346.66,-13389801.55000019,Friday,4,0,9,0,Banco Sureste,reserve
2025-05-10,ACC-003,COP,3523202095.42,133972552.02,36525241.37,97447310.65,Saturday,5,1,10,0,Banco Sureste,reserve
2025-05-11,ACC-003,COP,3477200379.83,14167402.9,60169118.49,-46001715.59,Sunday,6,1,11,0,Banco Sureste,reserve
2025-05-12,ACC-003,COP,3503825526.42,119580609.14,92955462.55,26625146.590000004,Monday,0,0,12,0,Banco Sureste,reserve
2025-05-13,ACC-003,COP,3379711566.58,68941375.49,193055335.33,-124113959.84000002,Tuesday,1,0,13,0,Banco Sureste,reserve
2025-05-14,ACC-003,COP,3408747643.75,112437713.57,83401636.39,29036077.179999992,Wednesday,2,0,14,0,Banco Sureste,reserve
2025-05-15,ACC-003,COP,3436872383.85,133484181.91,105359441.81000009,28124740.099999905,Thursday,3,0,15,0,Banco Sureste,reserve
2025-05-16,ACC-003,COP,3401982825.43,94414958.92,129304517.34,-34889558.42,Friday,4,0,16,0,Banco Sureste,reserve
2025-05-17,ACC-003,COP,3347875409.0834885,0.0,55541697.08,-55541697.08,Saturday,5,1,17,0,Banco Sureste,reserve
2025-05-18,ACC-003,COP,3392179520.88,104173199.99,58434807.46,45738392.529999994,Sunday,6,1,18,0,Banco Sureste,reserve
2025-05-19,ACC-003,COP,3389835293.37,89003595.69,91347823.2,-2344227.5100000054,Monday,0,0,19,0,Banco Sureste,reserve
2025-05-20,ACC-003,COP,3377754690.04,87785209.56,99865812.9,-12080603.340000004,Tuesday,1,0,20,0,Banco Sureste,reserve
2025-05-21,ACC-003,COP,3327287050.1,88571262.82,139038902.76,-50467639.94,Wednesday,2,0,21,0,Banco Sureste,reserve
2025-05-22,ACC-003,COP,3234282417.91,42149769.46,135154401.65,-93004632.19,Thursday,3,0,22,0,Banco Sureste,reserve
2025-05-23,ACC-003,COP,3203342162.59,84748338.01,115688593.33,-30940255.319999993,Friday,4,0,23,0,Banco Sureste,reserve
2025-05-24,ACC-003,COP,3122117610.82,2338827.06,83563378.83,-81224551.77,Saturday,5,1,24,0,Banco Sureste,reserve
2025-05-25,ACC-003,COP,3128550560.39,76355599.79,69922650.21,6432949.580000013,Sunday,6,1,25,0,Banco Sureste,reserve
2025-05-26,ACC-003,COP,3048964118.33,46466647.79,126053089.85,-79586442.06,Monday,0,0,26,0,Banco Sureste,reserve
2025-05-27,ACC-003,COP,3104154220.77,103812809.9,48622707.46,55190102.440000005,Tuesday,1,0,27,0,Banco Sureste,reserve
2025-05-28,ACC-003,COP,3085875971.34,92370398.36,110648647.79,-18278249.430000007,Wednesday,2,0,28,0,Banco Sureste,reserve
2025-05-29,ACC-003,COP,3091393946.7200003,109736072.4,104218097.01,5517975.390000001,Thursday,3,0,29,0,Banco Sureste,reserve
2025-05-30,ACC-003,COP,3048659135.84,101744928.79,144479739.67,-42734810.87999998,Friday,4,0,30,0,Banco Sureste,reserve
2025-05-31,ACC-003,COP,3122620640.28,73961504.43,0.0,73961504.43,Saturday,5,1,31,1,Banco Sureste,reserve
2025-06-01,ACC-003,COP,3115351568.9,27559045.85,34828117.23,-7269071.379999995,Sunday,6,1,1,0,Banco Sureste,reserve
2025-06-02,ACC-003,COP,3051602702.01,38876516.69,102625383.59,-63748866.900000006,Monday,0,0,2,0,Banco Sureste,reserve
2025-06-03,ACC-003,COP,3116764356.69,129655206.98,64493552.3,65161654.68000001,Tuesday,1,0,3,0,Banco Sureste,reserve
2025-06-04,ACC-003,COP,3149559712.24,103987755.25,71192399.7,32795355.549999997,Wednesday,2,0,4,0,Banco Sureste,reserve
2025-06-05,ACC-003,COP,3075566927.72,73324520.97,147317305.48,-73992784.50999999,Thursday,3,0,5,0,Banco Sureste,reserve
2025-06-06,ACC-003,COP,3038513410.54,75580278.95,112633796.13,-37053517.17999999,Friday,4,0,6,0,Banco Sureste,reserve
2025-06-07,ACC-003,COP,2943033670.04,0.0,95479740.5,-95479740.5,Saturday,5,1,7,0,Banco Sureste,reserve
2025-06-08,ACC-003,COP,2963786539.32,53052668.45,32299799.16,20752869.290000003,Sunday,6,1,8,0,Banco Sureste,reserve
2025-06-09,ACC-003,COP,3016700974.7,105971566.16999963,53057130.79,52914435.37999963,Monday,0,0,9,0,Banco Sureste,reserve
2025-06-10,ACC-003,COP,3056114641.04,126174445.65,86760779.31,39413666.34,Tuesday,1,0,10,0,Banco Sureste,reserve
2025-06-11,ACC-003,COP,3058791372.67,85446840.9,82770109.28,2676731.620000005,Wednesday,2,0,11,0,Banco Sureste,reserve
2025-06-12,ACC-003,COP,3013664350.17,74002826.17,119129848.66,-45127022.489999995,Thursday,3,0,12,0,Banco Sureste,reserve
2025-06-13,ACC-003,COP,2995707693.59,98122104.02,116078760.6,-17956656.58,Friday,4,0,13,0,Banco Sureste,reserve
2025-06-14,ACC-003,COP,2977673698.02,35685029.13,53719024.7,-18033995.57,Saturday,5,1,14,0,Banco Sureste,reserve
2025-06-15,ACC-003,COP,2896425471.61,23260135.50000015,104508361.91,-81248226.40999985,Sunday,6,1,15,0,Banco Sureste,reserve
2025-06-16,ACC-003,COP,2808696574.88,41478828.19,129207724.91,-87728896.72,Monday,0,0,16,0,Banco Sureste,reserve
2025-06-17,ACC-003,COP,2865434106.64,122681266.96,65943735.2,56737531.75999999,Tuesday,1,0,17,0,Banco Sureste,reserve
2025-06-18,ACC-003,COP,2895056486.7,149841389.57,120219009.51,29622380.059999987,Wednesday,2,0,18,0,Banco Sureste,reserve
2025-06-19,ACC-003,COP,2916570138.4,114966717.41,93453065.72,21513651.689999998,Thursday,3,0,19,0,Banco Sureste,reserve
2025-06-20,ACC-003,COP,2910509000.17,81161550.89,87222689.11,-6061138.219999999,Friday,4,0,20,0,Banco Sureste,reserve
2025-06-21,ACC-003,COP,2878765368.48,46292536.16,78036167.85,-31743631.689999998,Saturday,5,1,21,0,Banco Sureste,reserve
2025-06-22,ACC-003,COP,2907920290.48,39764795.33,10609873.34,29154921.99,Sunday,6,1,22,0,Banco Sureste,reserve
2025-06-23,ACC-003,COP,2899291802.26,111211290.54,119839778.76,-8628488.219999999,Monday,0,0,23,0,Banco Sureste,reserve
2025-06-24,ACC-003,COP,2890859520.02,105959244.11,114391526.36,-8432282.25,Tuesday,1,0,24,0,Banco Sureste,reserve
2025-06-25,ACC-003,COP,2904101421.11,78893633.96,65651732.86,13241901.099999994,Wednesday,2,0,25,0,Banco Sureste,reserve
2025-06-26,ACC-003,COP,2920575511.95,61909824.88,45435734.04,16474090.840000004,Thursday,3,0,26,0,Banco Sureste,reserve
2025-06-27,ACC-003,COP,2924091808.78,94537528.48,91021231.65,3516296.829999998,Friday,4,0,27,0,Banco Sureste,reserve
2025-06-28,ACC-003,COP,2946315266.06,22223457.28,0.0,22223457.28,Saturday,5,1,28,0,Banco Sureste,reserve
2025-06-29,ACC-003,COP,2875578931.43,0.0,70736334.63,-70736334.63,Sunday,6,1,29,0,Banco Sureste,reserve
2025-06-30,ACC-003,COP,2840346830.03,67155522.71,102387624.12,-35232101.41000001,Monday,0,0,30,1,Banco Sureste,reserve
2025-07-01,ACC-003,COP,2754301621.28,45710115.37,131755324.12,-86045208.75,Tuesday,1,0,1,0,Banco Sureste,reserve
2025-07-02,ACC-003,COP,2736837474.52,78662092.46,96126239.22,-17464146.760000005,Wednesday,2,0,2,0,Banco Sureste,reserve
2025-07-03,ACC-003,COP,2753514111.54,145757937.15,129081300.14,16676637.010000005,Thursday,3,0,3,0,Banco Sureste,reserve
2025-07-04,ACC-003,COP,2755900157.18,74164095.70999986,71778050.07,2386045.6399998665,Friday,4,0,4,0,Banco Sureste,reserve
2025-07-05,ACC-003,COP,2730671454.94,24099106.4,49327808.64,-25228702.240000002,Saturday,5,1,5,0,Banco Sureste,reserve
2025-07-06,ACC-003,COP,2736406411.42,29894732.06,24159775.58,5734956.48,Sunday,6,1,6,0,Banco Sureste,reserve
2025-07-07,ACC-003,COP,2774206887.21,122240234.14999996,84439758.36,37800475.78999996,Monday,0,0,7,0,Banco Sureste,reserve
2025-07-08,ACC-003,COP,2829936445.98,147021565.61,91292006.84,55729558.77000001,Tuesday,1,0,8,0,Banco Sureste,reserve
2025-07-09,ACC-003,COP,2864688036.43,135421469.29,100669878.84,34751590.44999999,Wednesday,2,0,9,0,Banco Sureste,reserve
2025-07-10,ACC-003,COP,2907302322.79,113526457.43,70912171.06,42614286.370000005,Thursday,3,0,10,0,Banco Sureste,reserve
2025-07-11,ACC-003,COP,2863301314.53,62397707.97,106398716.24,-44001008.269999996,Friday,4,0,11,0,Banco Sureste,reserve
2025-07-12,ACC-003,COP,2888163266.52,62664873.76,37802921.78,24861951.979999997,Saturday,5,1,12,0,Banco Sureste,reserve
2025-07-13,ACC-003,COP,2888163266.52,0.0,0.0,0.0,Sunday,6,1,13,0,Banco Sureste,reserve
2025-07-14,ACC-003,COP,2892220723.21,45426868.66,41369411.97,4057456.6899999976,Monday,0,0,14,0,Banco Sureste,reserve
2025-07-15,ACC-003,COP,2857064086.5600004,89933179.95,125089816.59,-35156636.64,Tuesday,1,0,15,0,Banco Sureste,reserve
2025-07-16,ACC-003,COP,2915548159.0,85328624.97,26844552.53,58484072.44,Wednesday,2,0,16,0,Banco Sureste,reserve
2025-07-17,ACC-003,COP,2908901832.7400002,81904731.68,88551057.94,-6646326.25999999,Thursday,3,0,17,0,Banco Sureste,reserve
2025-07-18,ACC-003,COP,3006441286.59,148237601.04,50698147.19,97539453.85,Friday,4,0,18,0,Banco Sureste,reserve
2025-07-19,ACC-003,COP,2941005181.55,24331802.7,89767907.74,-65436105.03999999,Saturday,5,1,19,0,Banco Sureste,reserve
2025-07-20,ACC-003,COP,2935319197.06,48525948.51,54211933.0,-5685984.490000002,Sunday,6,1,20,0,Banco Sureste,reserve
2025-07-21,ACC-003,COP,2923127081.61,91422994.89,103615110.34,-12192115.450000003,Monday,0,0,21,0,Banco Sureste,reserve
2025-07-22,ACC-003,COP,2963673656.02,110424327.22,69877752.8,40546574.42,Tuesday,1,0,22,0,Banco Sureste,reserve
2025-07-23,ACC-003,COP,3024460428.21,114933000.47,54146228.28,60786772.19,Wednesday,2,0,23,0,Banco Sureste,reserve
2025-07-24,ACC-003,COP,3022936917.04,100665172.24,102188683.41,-1523511.1700000018,Thursday,3,0,24,0,Banco Sureste,reserve
2025-07-25,ACC-003,COP,2998946653.4900002,72057956.23,96048219.78,-23990263.549999997,Friday,4,0,25,0,Banco Sureste,reserve
2025-07-26,ACC-003,COP,3010017600.17,17317712.77,6246766.09,11070946.68,Saturday,5,1,26,0,Banco Sureste,reserve
2025-07-27,ACC-003,COP,3030195972.36,25476345.24,5297973.05,20178372.189999998,Sunday,6,1,27,0,Banco Sureste,reserve
2025-07-28,ACC-003,COP,3068766820.5,100687274.93,62116426.79,38570848.14000001,Monday,0,0,28,0,Banco Sureste,reserve
2025-07-29,ACC-003,COP,3120735039.13,113911919.27,61943700.63999988,51968218.630000114,Tuesday,1,0,29,0,Banco Sureste,reserve
2025-07-30,ACC-003,COP,3116313222.61,75949487.32,80371303.84,-4421816.520000011,Wednesday,2,0,30,0,Banco Sureste,reserve
2025-07-31,ACC-003,COP,3141083449.65,134785119.41,110014892.37,24770227.03999999,Thursday,3,0,31,1,Banco Sureste,reserve
2025-08-01,ACC-003,COP,3112485353.5,87581768.06,116179864.21,-28598096.14999999,Friday,4,0,1,0,Banco Sureste,reserve
2025-08-02,ACC-003,COP,3073988067.64,0.0,38497285.86,-38497285.86,Saturday,5,1,2,0,Banco Sureste,reserve
2025-08-03,ACC-003,COP,3128863908.84,98291204.29,43415363.08,54875841.21000001,Sunday,6,1,3,0,Banco Sureste,reserve
2025-08-04,ACC-003,COP,3107580900.62,95990827.9,117273836.13,-21283008.22999999,Monday,0,0,4,0,Banco Sureste,reserve
2025-08-05,ACC-003,COP,3191270289.75,121059084.5,37369695.38,83689389.12,Tuesday,1,0,5,0,Banco Sureste,reserve
2025-08-06,ACC-003,COP,3124489200.48,42050523.5,108831612.77,-66781089.269999996,Wednesday,2,0,6,0,Banco Sureste,reserve
2025-08-07,ACC-003,COP,3054909893.48,71398435.04,140977742.04,-69579306.99999999,Thursday,3,0,7,0,Banco Sureste,reserve
2025-08-08,ACC-003,COP,3098269950.92,82019003.19,38658945.75,43360057.44,Friday,4,0,8,0,Banco Sureste,reserve
2025-08-09,ACC-003,COP,3098269950.92,0.0,0.0,0.0,Saturday,5,1,9,0,Banco Sureste,reserve
2025-08-10,ACC-003,COP,3094374142.59,29925398.24,33821206.56,-3895808.320000004,Sunday,6,1,10,0,Banco Sureste,reserve
2025-08-11,ACC-003,COP,3041666375.96,79696759.94,132404526.58,-52707766.64,Monday,0,0,11,0,Banco Sureste,reserve
2025-08-12,ACC-003,COP,3075908392.1251483,127704966.16,92150676.65,35554289.50999999,Tuesday,1,0,12,0,Banco Sureste,reserve
2025-08-13,ACC-003,COP,2985069599.7551484,26627385.28,117466177.65,-90838792.37,Wednesday,2,0,13,0,Banco Sureste,reserve
2025-08-14,ACC-003,COP,2987754672.78,106176633.39,104803833.71,1372799.6800000072,Thursday,3,0,14,0,Banco Sureste,reserve
2025-08-15,ACC-003,COP,3045905576.38,118956847.26,60805943.6600001,58150903.599999905,Friday,4,0,15,0,Banco Sureste,reserve
2025-08-16,ACC-003,COP,3133876907.68,97735659.24,9764327.94,87971331.3,Saturday,5,1,16,0,Banco Sureste,reserve
2025-08-17,ACC-003,COP,3194963154.88,61086247.19,0.0,61086247.19,Sunday,6,1,17,0,Banco Sureste,reserve
2025-08-18,ACC-003,COP,3110404195.01,66127280.65,150686240.51,-84558959.85999998,Monday,0,0,18,0,Banco Sureste,reserve
2025-08-19,ACC-003,COP,3069943359.64,85197086.81,125657922.19,-40460835.379999995,Tuesday,1,0,19,0,Banco Sureste,reserve
2025-08-20,ACC-003,COP,3074300025.08,99372697.01,95016031.57,4356665.4400000125,Wednesday,2,0,20,0,Banco Sureste,reserve
2025-08-21,ACC-003,COP,3117355878.22,134157851.63999987,91101998.5,43055853.13999987,Thursday,3,0,21,0,Banco Sureste,reserve
2025-08-22,ACC-003,COP,3080649074.61,38008732.27,74715535.88,-36706803.60999999,Friday,4,0,22,0,Banco Sureste,reserve
2025-08-23,ACC-003,COP,3082980590.61,53948071.78,51616555.78,2331516.0,Saturday,5,1,23,0,Banco Sureste,reserve
2025-08-24,ACC-003,COP,3065849778.34,0.0,17130812.28,-17130812.28,Sunday,6,1,24,0,Banco Sureste,reserve
2025-08-25,ACC-003,COP,3053088124.83,74140790.66,86902444.17,-12761653.510000005,Monday,0,0,25,0,Banco Sureste,reserve
2025-08-26,ACC-003,COP,3024158817.88,49584789.36,78514096.31,-28929306.950000003,Tuesday,1,0,26,0,Banco Sureste,reserve
2025-08-27,ACC-003,COP,2972743770.9,68690426.3,120105473.28000002,-51415046.98000002,Wednesday,2,0,27,0,Banco Sureste,reserve
2025-08-28,ACC-003,COP,2995185958.04,113235416.5,90793229.36,22442187.14,Thursday,3,0,28,0,Banco Sureste,reserve
2025-08-29,ACC-003,COP,2973262271.86,78113257.83,100036944.0,-21923686.17,Friday,4,0,29,0,Banco Sureste,reserve
2025-08-30,ACC-003,COP,2980703068.07,11400227.67,3959431.46,7440796.21,Saturday,5,1,30,0,Banco Sureste,reserve
2025-08-31,ACC-003,COP,2969215198.65,7743234.4,19231103.82,-11487869.42,Sunday,6,1,31,1,Banco Sureste,reserve
2025-09-01,ACC-003,COP,2923918830.3,54530415.06,99826783.42,-45296368.36,Monday,0,0,1,0,Banco Sureste,reserve
2025-09-02,ACC-003,COP,2985812752.69,109053858.9,47159936.5,61893922.400000006,Tuesday,1,0,2,0,Banco Sureste,reserve
2025-09-03,ACC-003,COP,2987158294.48,90324678.85,88979137.06,1345541.7899999917,Wednesday,2,0,3,0,Banco Sureste,reserve
2025-09-04,ACC-003,COP,2991771884.41,99816153.86,95202563.94,4613589.920000002,Thursday,3,0,4,0,Banco Sureste,reserve
2025-09-05,ACC-003,COP,2980067774.18,46264781.96,57968892.19,-11704110.229999997,Friday,4,0,5,0,Banco Sureste,reserve
2025-09-06,ACC-003,COP,2947902193.8,36637655.78,68803236.17,-32165580.39,Saturday,5,1,6,0,Banco Sureste,reserve
2025-09-07,ACC-003,COP,2899977364.29,0.0,47924829.51,-47924829.51,Sunday,6,1,7,0,Banco Sureste,reserve
2025-09-08,ACC-003,COP,2933113894.21,121498089.8,88361559.89,33136529.909999996,Monday,0,0,8,0,Banco Sureste,reserve
2025-09-09,ACC-003,COP,2964007549.17,104131482.68,73237827.72,30893654.96000001,Tuesday,1,0,9,0,Banco Sureste,reserve
2025-09-10,ACC-003,COP,3002585509.97,85382203.32,46804242.52000028,38577960.799999714,Wednesday,2,0,10,0,Banco Sureste,reserve
2025-09-11,ACC-003,COP,2897882077.12,19686652.82,124390085.66,-104703432.84,Thursday,3,0,11,0,Banco Sureste,reserve
2025-09-12,ACC-003,COP,2876742981.27,58392470.84,79531566.68999991,-21139095.849999905,Friday,4,0,12,0,Banco Sureste,reserve
2025-09-13,ACC-003,COP,2876742981.27,0.0,0.0,0.0,Saturday,5,1,13,0,Banco Sureste,reserve
2025-09-14,ACC-003,COP,2890428783.78,29520051.94,15834249.44,13685802.500000002,Sunday,6,1,14,0,Banco Sureste,reserve
2025-09-15,ACC-003,COP,2882492608.01,97637846.03,105574021.8,-7936175.769999996,Monday,0,0,15,0,Banco Sureste,reserve
2025-09-16,ACC-003,COP,2879098439.97,95723245.58,99117413.62,-3394168.0400000066,Tuesday,1,0,16,0,Banco Sureste,reserve
2025-09-17,ACC-003,COP,2949502818.42,131798452.97,61394074.53,70404378.44,Wednesday,2,0,17,0,Banco Sureste,reserve
2025-09-18,ACC-003,COP,2908574789.17,86864779.13,127792808.37,-40928029.24000001,Thursday,3,0,18,0,Banco Sureste,reserve
2025-09-19,ACC-003,COP,2980890784.7599998,124037329.77,51721334.19,72315995.58,Friday,4,0,19,0,Banco Sureste,reserve
2025-09-20,ACC-003,COP,2928710990.96,26459714.84,78639508.64,-52179793.8,Saturday,5,1,20,0,Banco Sureste,reserve
2025-09-21,ACC-003,COP,2935529500.9,50024700.49,43206190.549999945,6818509.940000057,Sunday,6,1,21,0,Banco Sureste,reserve
2025-09-22,ACC-003,COP,2934534832.9,81675686.63,82670354.63,-994668.0,Monday,0,0,22,0,Banco Sureste,reserve
2025-09-23,ACC-003,COP,2944529658.64,96493933.79,86499108.05,9994825.74000001,Tuesday,1,0,23,0,Banco Sureste,reserve
2025-09-24,ACC-003,COP,2935072496.99,87082149.63,96539311.29,-9457161.660000011,Wednesday,2,0,24,0,Banco Sureste,reserve
2025-09-25,ACC-003,COP,2893682078.15,68150283.97,109540702.8,-41390418.83,Thursday,3,0,25,0,Banco Sureste,reserve
2025-09-26,ACC-003,COP,3023644033.01,171139437.45,41177482.59,129961954.85999998,Friday,4,0,26,0,Banco Sureste,reserve
2025-09-27,ACC-003,COP,3054007545.39,46080713.75,15717201.37,30363512.380000003,Saturday,5,1,27,0,Banco Sureste,reserve
2025-01-01,ACC-004,MXN,91253281.78,4258986.96,3005705.18,1253281.7799999998,Wednesday,2,0,1,0,Banco Azteca+,operational
2025-01-02,ACC-004,MXN,89938362.68,4823250.9,6138170.0,-1314919.0999999996,Thursday,3,0,2,0,Banco Azteca+,operational
2025-01-03,ACC-004,MXN,87223219.29,3217332.09,5932475.48,-2715143.3900000006,Friday,4,0,3,0,Banco Azteca+,operational
2025-01-04,ACC-004,MXN,81945030.99,0.0,5278188.29,-5278188.29,Saturday,5,1,4,0,Banco Azteca+,operational
2025-01-05,ACC-004,MXN,80151792.14,1905374.76,3698613.61,-1793238.8499999999,Sunday,6,1,5,0,Banco Azteca+,operational
2025-01-06,ACC-004,MXN,79584565.64,0.0,567226.5,-567226.5,Monday,0,0,6,0,Banco Azteca+,operational
2025-01-07,ACC-004,MXN,79814508.17,2735970.04,2506027.51,229942.53000000026,Tuesday,1,0,7,0,Banco Azteca+,operational
2025-01-08,ACC-004,MXN,77735867.23,3072224.65,5150865.59,-2078640.94,Wednesday,2,0,8,0,Banco Azteca+,operational
2025-01-09,ACC-004,MXN,72977299.38,0.0,4758567.85,-4758567.85,Thursday,3,0,9,0,Banco Azteca+,operational
2025-01-10,ACC-004,MXN,73295620.02,2207450.72,1889130.08,318320.64000000013,Friday,4,0,10,0,Banco Azteca+,operational
2025-01-11,ACC-004,MXN,71251298.16,0.0,2044321.86,-2044321.86,Saturday,5,1,11,0,Banco Azteca+,operational
2025-01-12,ACC-004,MXN,68953314.1,0.0,2297984.07,-2297984.07,Sunday,6,1,12,0,Banco Azteca+,operational
2025-01-13,ACC-004,MXN,66636225.04,0.0,2317089.06,-2317089.06,Monday,0,0,13,0,Banco Azteca+,operational
2025-01-14,ACC-004,MXN,63926715.53,1760857.91,4470367.42,-2709509.51,Tuesday,1,0,14,0,Banco Azteca+,operational
2025-01-15,ACC-004,MXN,64787456.9,1575176.32,714434.95,860741.3700000001,Wednesday,2,0,15,0,Banco Azteca+,operational
2025-01-16,ACC-004,MXN,61199231.85,958978.7,4547203.75,-3588225.05,Thursday,3,0,16,0,Banco Azteca+,operational
2025-01-17,ACC-004,MXN,62769470.03,2820605.83,1250367.66,1570238.1700000002,Friday,4,0,17,0,Banco Azteca+,operational
2025-01-18,ACC-004,MXN,63077455.17,307985.15,0.0,307985.15,Saturday,5,1,18,0,Banco Azteca+,operational
2025-01-19,ACC-004,MXN,64569503.55,1492048.38,0.0,1492048.38,Sunday,6,1,19,0,Banco Azteca+,operational
2025-01-20,ACC-004,MXN,65647507.31,3393378.84,2315375.08,1078003.7599999998,Monday,0,0,20,0,Banco Azteca+,operational
2025-01-21,ACC-004,MXN,72317855.6,6670348.29,0.0,6670348.29,Tuesday,1,0,21,0,Banco Azteca+,operational
2025-01-22,ACC-004,MXN,68049041.52,1946806.6,6215620.69,-4268814.09,Wednesday,2,0,22,0,Banco Azteca+,operational
2025-01-23,ACC-004,MXN,71766428.01,4473658.94,756272.44,3717386.5000000005,Thursday,3,0,23,0,Banco Azteca+,operational
2025-01-24,ACC-004,MXN,72100790.82,2635193.11,2300830.3,334362.81000000006,Friday,4,0,24,0,Banco Azteca+,operational
2025-01-25,ACC-004,MXN,73575877.54,1475086.72,0.0,1475086.72,Saturday,5,1,25,0,Banco Azteca+,operational
2025-01-26,ACC-004,MXN,74261633.26,685755.72,0.0,685755.72,Sunday,6,1,26,0,Banco Azteca+,operational
2025-01-27,ACC-004,MXN,73411566.54,2528883.64,3378950.37,-850066.73,Monday,0,0,27,0,Banco Azteca+,operational
2025-01-28,ACC-004,MXN,75113057.07,1701490.54,0.0,1701490.54,Tuesday,1,0,28,0,Banco Azteca+,operational
2025-01-29,ACC-004,MXN,76368962.77,4480941.230000002,3225035.53,1255905.7000000025,Wednesday,2,0,29,0,Banco Azteca+,operational
2025-01-30,ACC-004,MXN,75195749.2,627718.28,1800931.86,-1173213.58,Thursday,3,0,30,0,Banco Azteca+,operational
2025-01-31,ACC-004,MXN,75113780.3707718,0.0,93069.49,-93069.49,Friday,4,0,31,1,Banco Azteca+,operational
2025-02-01,ACC-004,MXN,71388306.7762615,0.0,3729045.14,-3729045.14,Saturday,5,1,1,0,Banco Azteca+,operational
2025-02-02,ACC-004,MXN,69089220.77,0.0,2284413.8,-2284413.8,Sunday,6,1,2,0,Banco Azteca+,operational
2025-02-03,ACC-004,MXN,67321371.8,956921.21,2724770.18,-1767848.9700000002,Monday,0,0,3,0,Banco Azteca+,operational
2025-02-04,ACC-004,MXN,65137899.84,1734072.98,3917544.94,-2183471.96,Tuesday,1,0,4,0,Banco Azteca+,operational
2025-02-05,ACC-004,MXN,66046942.22,909042.37,0.0,909042.37,Wednesday,2,0,5,0,Banco Azteca+,operational
2025-02-06,ACC-004,MXN,64987306.53,0.0,1059635.69,-1059635.69,Thursday,3,0,6,0,Banco Azteca+,operational
2025-02-07,ACC-004,MXN,62107955.5,0.0,2879351.03,-2879351.03,Friday,4,0,7,0,Banco Azteca+,operational
2025-02-08,ACC-004,MXN,56888514.93,0.0,5219440.57,-5219440.57,Saturday,5,1,8,0,Banco Azteca+,operational
2025-02-09,ACC-004,MXN,55812810.27,0.0,1075704.66,-1075704.66,Sunday,6,1,9,0,Banco Azteca+,operational
2025-02-10,ACC-004,MXN,54852943.8,0.0,959866.47,-959866.47,Monday,0,0,10,0,Banco Azteca+,operational
2025-02-11,ACC-004,MXN,56731250.35,1878306.55,0.0,1878306.55,Tuesday,1,0,11,0,Banco Azteca+,operational
2025-02-12,ACC-004,MXN,53782221.51,2105000.759999996,5054029.6,-2949028.8400000036,Wednesday,2,0,12,0,Banco Azteca+,operational
2025-02-13,ACC-004,MXN,52523858.18,881859.08,2140222.4,-1258363.3199999998,Thursday,3,0,13,0,Banco Azteca+,operational
2025-02-14,ACC-004,MXN,54292139.83,3190701.0,1422419.35,1768281.65,Friday,4,0,14,0,Banco Azteca+,operational
2025-02-15,ACC-004,MXN,54292139.83,0.0,0.0,0.0,Saturday,5,1,15,0,Banco Azteca+,operational
2025-02-16,ACC-004,MXN,55477053.5,1695528.41,510614.74,1184913.67,Sunday,6,1,16,0,Banco Azteca+,operational
2025-02-17,ACC-004,MXN,53491091.42,0.0,1985962.09,-1985962.09,Monday,0,0,17,0,Banco Azteca+,operational
2025-02-18,ACC-004,MXN,53295440.97,668081.76,863732.21,-195650.44999999995,Tuesday,1,0,18,0,Banco Azteca+,operational
2025-02-19,ACC-004,MXN,55863680.83,2568239.86,0.0,2568239.86,Wednesday,2,0,19,0,Banco Azteca+,operational
2025-02-20,ACC-004,MXN,59294797.87,3431117.03,0.0,3431117.03,Thursday,3,0,20,0,Banco Azteca+,operational
2025-02-21,ACC-004,MXN,54576744.71,600001.55,5318054.71,-4718053.16,Friday,4,0,21,0,Banco Azteca+,operational
2025-02-22,ACC-004,MXN,56219096.66,2500741.53,858389.58,1642351.9499999997,Saturday,5,1,22,0,Banco Azteca+,operational
2025-02-23,ACC-004,MXN,56219096.66,0.0,0.0,0.0,Sunday,6,1,23,0,Banco Azteca+,operational
2025-02-24,ACC-004,MXN,56166956.96,1810157.06,1862296.76,-52139.69999999995,Monday,0,0,24,0,Banco Azteca+,operational
2025-02-25,ACC-004,MXN,55953457.79,1531890.4,1745389.57,-213499.17000000016,Tuesday,1,0,25,0,Banco Azteca+,operational
2025-02-26,ACC-004,MXN,57272210.67,1318752.87,0.0,1318752.87,Wednesday,2,0,26,0,Banco Azteca+,operational
2025-02-27,ACC-004,MXN,54698738.64,830714.96,3404186.99,-2573472.0300000003,Thursday,3,0,27,0,Banco Azteca+,operational
2025-02-28,ACC-004,MXN,53259432.43,0.0,1439306.210000001,-1439306.210000001,Friday,4,0,28,1,Banco Azteca+,operational
2025-03-01,ACC-004,MXN,52399797.87,0.0,859634.56,-859634.56,Saturday,5,1,1,0,Banco Azteca+,operational
2025-03-02,ACC-004,MXN,49424495.15,17868.57,2993171.3,-2975302.73,Sunday,6,1,2,0,Banco Azteca+,operational
2025-03-03,ACC-004,MXN,51658358.5,2233863.35,0.0,2233863.35,Monday,0,0,3,0,Banco Azteca+,operational
2025-03-04,ACC-004,MXN,53795795.2,2589986.87,452550.16999999713,2137436.700000003,Tuesday,1,0,4,0,Banco Azteca+,operational
2025-03-05,ACC-004,MXN,52250539.94,682674.5,2227929.76,-1545255.2599999998,Wednesday,2,0,5,0,Banco Azteca+,operational
2025-03-06,ACC-004,MXN,49975650.86,796694.15,3071583.23,-2274889.08,Thursday,3,0,6,0,Banco Azteca+,operational
2025-03-07,ACC-004,MXN,49642467.93,338070.19,671253.12,-333182.93,Friday,4,0,7,0,Banco Azteca+,operational
2025-03-08,ACC-004,MXN,49642467.93,0.0,0.0,0.0,Saturday,5,1,8,0,Banco Azteca+,operational
2025-03-09,ACC-004,MXN,50303301.4,2232707.06,1571873.58,660833.48,Sunday,6,1,9,0,Banco Azteca+,operational
2025-03-10,ACC-004,MXN,49361069.89,4089573.83,5031805.34,-942231.5099999998,Monday,0,0,10,0,Banco Azteca+,operational
2025-03-11,ACC-004,MXN,47677236.75,0.0,1683833.14,-1683833.14,Tuesday,1,0,11,0,Banco Azteca+,operational
2025-03-12,ACC-004,MXN,47263788.23,0.0,413448.52,-413448.52,Wednesday,2,0,12,0,Banco Azteca+,operational
2025-03-13,ACC-004,MXN,47774812.39,524511.06,13486.9,511024.16000000003,Thursday,3,0,13,0,Banco Azteca+,operational
2025-03-14,ACC-004,MXN,46452813.16,0.0,1321999.22,-1321999.22,Friday,4,0,14,0,Banco Azteca+,operational
2025-03-15,ACC-004,MXN,44684642.17,0.0,1768171.0,-1768171.0,Saturday,5,1,15,0,Banco Azteca+,operational
2025-03-16,ACC-004,MXN,40346341.22,0.0,4338300.94,-4338300.94,Sunday,6,1,16,0,Banco Azteca+,operational
2025-03-17,ACC-004,MXN,39632127.76,664038.9,1378252.37,-714213.4700000001,Monday,0,0,17,0,Banco Azteca+,operational
2025-03-18,ACC-004,MXN,36335418.27,0.0,3296709.48,-3296709.48,Tuesday,1,0,18,0,Banco Azteca+,operational
2025-03-19,ACC-004,MXN,37159416.33,2310388.31,1486390.26,823998.05,Wednesday,2,0,19,0,Banco Azteca+,operational
2025-03-20,ACC-004,MXN,35735467.26,0.0,1423949.07,-1423949.07,Thursday,3,0,20,0,Banco Azteca+,operational
2025-03-21,ACC-004,MXN,33024193.85,0.0,2711273.41,-2711273.41,Friday,4,0,21,0,Banco Azteca+,operational
2025-03-22,ACC-004,MXN,33704910.69,1197980.44,517263.6,680716.84,Saturday,5,1,22,0,Banco Azteca+,operational
2025-03-23,ACC-004,MXN,33704910.69,0.0,0.0,0.0,Sunday,6,1,23,0,Banco Azteca+,operational
2025-03-24,ACC-004,MXN,33106524.6,1706575.15,2304961.24,-598386.0900000003,Monday,0,0,24,0,Banco Azteca+,operational
2025-03-25,ACC-004,MXN,35201343.06,2094818.47,0.0,2094818.47,Tuesday,1,0,25,0,Banco Azteca+,operational
2025-03-26,ACC-004,MXN,34376966.78,1374491.68,2198867.96,-824376.28,Wednesday,2,0,26,0,Banco Azteca+,operational
2025-03-27,ACC-004,MXN,33285055.84,0.0,1091910.94,-1091910.94,Thursday,3,0,27,0,Banco Azteca+,operational
2025-03-28,ACC-004,MXN,33792260.49,1271997.46,764792.81,507204.6499999999,Friday,4,0,28,0,Banco Azteca+,operational
2025-03-29,ACC-004,MXN,33689901.82,0.0,102358.67,-102358.67,Saturday,5,1,29,0,Banco Azteca+,operational
2025-03-30,ACC-004,MXN,33481799.61,73472.19,281574.4,-208102.21000000002,Sunday,6,1,30,0,Banco Azteca+,operational
2025-03-31,ACC-004,MXN,33293840.21,438472.87,626432.26,-187959.39,Monday,0,0,31,1,Banco Azteca+,operational
2025-04-01,ACC-004,MXN,32745662.91,959155.97,1507333.27,-548177.3,Tuesday,1,0,1,0,Banco Azteca+,operational
2025-04-02,ACC-004,MXN,32783538.67,683310.2000000016,645434.44,37875.76000000164,Wednesday,2,0,2,0,Banco Azteca+,operational
2025-04-03,ACC-004,MXN,33857875.59,1074336.93,0.0,1074336.93,Thursday,3,0,3,0,Banco Azteca+,operational
2025-04-04,ACC-004,MXN,34275273.68,1500278.15,1082880.06,417398.08999999985,Friday,4,0,4,0,Banco Azteca+,operational
2025-04-05,ACC-004,MXN,33300785.71,452118.48,1426606.44,-974487.96,Saturday,5,1,5,0,Banco Azteca+,operational
2025-04-06,ACC-004,MXN,33300785.71,0.0,0.0,0.0,Sunday,6,1,6,0,Banco Azteca+,operational
2025-04-07,ACC-004,MXN,33514830.54,1272560.07,1058515.24,214044.83000000007,Monday,0,0,7,0,Banco Azteca+,operational
2025-04-08,ACC-004,MXN,34083547.74,1176548.46,607831.259999997,568717.200000003,Tuesday,1,0,8,0,Banco Azteca+,operational
2025-04-09,ACC-004,MXN,33741057.34,1701812.34,2044302.74,-342490.3999999999,Wednesday,2,0,9,0,Banco Azteca+,operational
2025-04-10,ACC-004,MXN,34427496.29,1502133.95,815695.0,686438.95,Thursday,3,0,10,0,Banco Azteca+,operational
2025-04-11,ACC-004,MXN,32534489.03114819,0.0,1896166.18,-1896166.18,Friday,4,0,11,0,Banco Azteca+,operational
2025-04-12,ACC-004,MXN,33068588.53,1582709.72,1045451.3,537258.4199999999,Saturday,5,1,12,0,Banco Azteca+,operational
2025-04-13,ACC-004,MXN,31976867.71,0.0,1091720.82,-1091720.82,Sunday,6,1,13,0,Banco Azteca+,operational
2025-04-14,ACC-004,MXN,31243043.48,1784817.37,2518641.59,-733824.2199999997,Monday,0,0,14,0,Banco Azteca+,operational
2025-04-15,ACC-004,MXN,30571641.1,116121.09,787523.48,-671402.39,Tuesday,1,0,15,0,Banco Azteca+,operational
2025-04-16,ACC-004,MXN,31143204.2,1602509.22,1030946.12,571563.1,Wednesday,2,0,16,0,Banco Azteca+,operational
2025-04-17,ACC-004,MXN,29759247.28,0.0,1383956.92,-1383956.92,Thursday,3,0,17,0,Banco Azteca+,operational
2025-04-18,ACC-004,MXN,30137813.53,1409393.46,1030827.2,378566.26,Friday,4,0,18,0,Banco Azteca+,operational
2025-04-19,ACC-004,MXN,30546142.48,560188.05,151859.11,408328.94000000006,Saturday,5,1,19,0,Banco Azteca+,operational
2025-04-20,ACC-004,MXN,32267367.76,1721225.28,0.0,1721225.28,Sunday,6,1,20,0,Banco Azteca+,operational
2025-04-21,ACC-004,MXN,31623659.96,399482.18,1043189.98,-643707.8,Monday,0,0,21,0,Banco Azteca+,operational
2025-04-22,ACC-004,MXN,33406242.06,1782582.1,0.0,1782582.1,Tuesday,1,0,22,0,Banco Azteca+,operational
2025-04-23,ACC-004,MXN,33406242.06,0.0,0.0,0.0,Wednesday,2,0,23,0,Banco Azteca+,operational
2025-04-24,ACC-004,MXN,34441196.06,1034954.0,0.0,1034954.0,Thursday,3,0,24,0,Banco Azteca+,operational
2025-04-25,ACC-004,MXN,33291623.02,635904.91,1785477.95,-1149573.04,Friday,4,0,25,0,Banco Azteca+,operational
2025-04-26,ACC-004,MXN,32634497.63,0.0,657125.39,-657125.39,Saturday,5,1,26,0,Banco Azteca+,operational
2025-04-27,ACC-004,MXN,31657304.37,98551.7,1075744.96,-977193.26,Sunday,6,1,27,0,Banco Azteca+,operational
2025-04-28,ACC-004,MXN,32702370.65,1400957.35,355891.07,1045066.28,Monday,0,0,28,0,Banco Azteca+,operational
2025-04-29,ACC-004,MXN,31447520.04,815611.75,2070462.36,-1254850.61,Tuesday,1,0,29,0,Banco Azteca+,operational
2025-04-30,ACC-004,MXN,32762067.45,1314547.41,0.0,1314547.41,Wednesday,2,0,30,1,Banco Azteca+,operational
2025-05-01,ACC-004,MXN,34389311.57,1627244.12,0.0,1627244.12,Thursday,3,0,1,0,Banco Azteca+,operational
2025-05-02,ACC-004,MXN,9785449.423264725,2488939.91,2156999.59,331940.3200000003,Friday,4,0,2,0,Banco Azteca+,operational
2025-05-03,ACC-004,MXN,8753007.92821169,718610.62,1751052.115053035,-1032441.4950530351,Saturday,5,1,3,0,Banco Azteca+,operational
2025-05-04,ACC-004,MXN,8512941.92832228,199551.65,3324886.556660942,-3125334.906660942,Sunday,6,1,4,0,Banco Azteca+,operational
2025-05-05,ACC-004,MXN,8341061.872747414,639471.87,3810235.93277863,-3170764.06277863,Monday,0,0,5,0,Banco Azteca+,operational
2025-05-06,ACC-004,MXN,34553648.4,1864017.35,502724.91,1361292.4400000002,Tuesday,1,0,6,0,Banco Azteca+,operational
2025-05-07,ACC-004,MXN,34951506.63,397858.23,0.0,397858.23,Wednesday,2,0,7,0,Banco Azteca+,operational
2025-05-08,ACC-004,MXN,34951506.63,0.0,0.0,0.0,Thursday,3,0,8,0,Banco Azteca+,operational
2025-05-09,ACC-004,MXN,33750133.44,1813803.67,3015176.87,-1201373.2000000002,Friday,4,0,9,0,Banco Azteca+,operational
2025-05-10,ACC-004,MXN,35598286.3,1848152.86,0.0,1848152.86,Saturday,5,1,10,0,Banco Azteca+,operational
2025-05-11,ACC-004,MXN,34825178.72,1201286.9500000018,1974394.53,-773107.5799999982,Sunday,6,1,11,0,Banco Azteca+,operational
2025-05-12,ACC-004,MXN,34172285.94,567500.69,1220393.4700000011,-652892.7800000012,Monday,0,0,12,0,Banco Azteca+,operational
2025-05-13,ACC-004,MXN,32805323.25,0.0,1366962.69,-1366962.69,Tuesday,1,0,13,0,Banco Azteca+,operational
2025-05-14,ACC-004,MXN,31559080.17,0.0,1246243.08,-1246243.08,Wednesday,2,0,14,0,Banco Azteca+,operational
2025-05-15,ACC-004,MXN,30035226.42,0.0,1523853.75,-1523853.75,Thursday,3,0,15,0,Banco Azteca+,operational
2025-05-16,ACC-004,MXN,31603989.61,1824200.9,255437.71,1568763.19,Friday,4,0,16,0,Banco Azteca+,operational
2025-05-17,ACC-004,MXN,31603989.599999998,0.0,0.0,0.0,Saturday,5,1,17,0,Banco Azteca+,operational
2025-05-18,ACC-004,MXN,31730645.56,126655.96,0.0,126655.96,Sunday,6,1,18,0,Banco Azteca+,operational
2025-05-19,ACC-004,MXN,30284027.58,0.0,1446617.99,-1446617.99,Monday,0,0,19,0,Banco Azteca+,operational
2025-05-20,ACC-004,MXN,30783740.94,499713.36,0.0,499713.36,Tuesday,1,0,20,0,Banco Azteca+,operational
2025-05-21,ACC-004,MXN,29220656.22,411357.83,1974442.55,-1563084.72,Wednesday,2,0,21,0,Banco Azteca+,operational
2025-05-22,ACC-004,MXN,29804744.71,1405166.08,821077.59,584088.4900000001,Thursday,3,0,22,0,Banco Azteca+,operational
2025-05-23,ACC-004,MXN,31252455.06,1447710.35,0.0,1447710.35,Friday,4,0,23,0,Banco Azteca+,operational
2025-05-24,ACC-004,MXN,31119676.91,405378.81,538156.96,-132778.14999999997,Saturday,5,1,24,0,Banco Azteca+,operational
2025-05-25,ACC-004,MXN,30314805.37,0.0,804871.55,-804871.55,Sunday,6,1,25,0,Banco Azteca+,operational
2025-05-26,ACC-004,MXN,29080761.64,199683.51,1433727.24,-1234043.73,Monday,0,0,26,0,Banco Azteca+,operational
2025-05-27,ACC-004,MXN,30434638.69,1353877.05,0.0,1353877.05,Tuesday,1,0,27,0,Banco Azteca+,operational
2025-05-28,ACC-004,MXN,32434473.57,1999834.88,0.0,1999834.88,Wednesday,2,0,28,0,Banco Azteca+,operational
2025-05-29,ACC-004,MXN,30772469.14,373597.43,2035601.87,-1662004.4400000002,Thursday,3,0,29,0,Banco Azteca+,operational
2025-05-30,ACC-004,MXN,31402732.34,630263.2,0.0,630263.2,Friday,4,0,30,0,Banco Azteca+,operational
2025-05-31,ACC-004,MXN,30033347.97,0.0,1369384.36,-1369384.36,Saturday,5,1,31,1,Banco Azteca+,operational
2025-06-01,ACC-004,MXN,28631699.64,1.862645149230957e-09,1401648.33,-1401648.3299999982,Sunday,6,1,1,0,Banco Azteca+,operational
2025-06-02,ACC-004,MXN,29443320.63,811620.99,0.0,811620.99,Monday,0,0,2,0,Banco Azteca+,operational
2025-06-03,ACC-004,MXN,29767882.54,368234.30000000016,43672.39,324561.91000000015,Tuesday,1,0,3,0,Banco Azteca+,operational
2025-06-04,ACC-004,MXN,29827832.72,1666607.18,1606656.99,59950.189999999944,Wednesday,2,0,4,0,Banco Azteca+,operational
2025-06-05,ACC-004,MXN,29234490.42,0.0,593342.3,-593342.3,Thursday,3,0,5,0,Banco Azteca+,operational
2025-06-06,ACC-004,MXN,27284524.51,119990.92,2069956.84,-1949965.9200000002,Friday,4,0,6,0,Banco Azteca+,operational
2025-06-07,ACC-004,MXN,25622163.75,0.0,1662360.76,-1662360.76,Saturday,5,1,7,0,Banco Azteca+,operational
2025-06-08,ACC-004,MXN,25904037.21,281873.47,0.0,281873.47,Sunday,6,1,8,0,Banco Azteca+,operational
2025-06-09,ACC-004,MXN,25948860.0,250797.05,205974.26,44822.78999999998,Monday,0,0,9,0,Banco Azteca+,operational
2025-06-10,ACC-004,MXN,25044677.01,0.0,904182.99,-904182.99,Tuesday,1,0,10,0,Banco Azteca+,operational
2025-06-11,ACC-004,MXN,25044677.01,0.0,0.0,0.0,Wednesday,2,0,11,0,Banco Azteca+,operational
2025-06-12,ACC-004,MXN,25510751.08,466074.07,0.0,466074.07,Thursday,3,0,12,0,Banco Azteca+,operational
2025-06-13,ACC-004,MXN,25579840.84,189676.87000000163,120587.11,69089.76000000162,Friday,4,0,13,0,Banco Azteca+,operational
2025-06-14,ACC-004,MXN,23716889.35,0.0,1862951.49,-1862951.49,Saturday,5,1,14,0,Banco Azteca+,operational
2025-06-15,ACC-004,MXN,23563469.93,324739.88,478159.3,-153419.41999999998,Sunday,6,1,15,0,Banco Azteca+,operational
2025-06-16,ACC-004,MXN,23271728.12,0.0,291741.82,-291741.82,Monday,0,0,16,0,Banco Azteca+,operational
2025-06-17,ACC-004,MXN,24090775.34,848465.77,29418.55,819047.22,Tuesday,1,0,17,0,Banco Azteca+,operational
2025-06-18,ACC-004,MXN,25469776.74,1379001.4,0.0,1379001.4,Wednesday,2,0,18,0,Banco Azteca+,operational
2025-06-19,ACC-004,MXN,25647824.87,545282.86,367234.72,178048.14,Thursday,3,0,19,0,Banco Azteca+,operational
2025-06-20,ACC-004,MXN,26215778.56,895868.77,327915.08,567953.69,Friday,4,0,20,0,Banco Azteca+,operational
2025-06-21,ACC-004,MXN,26167465.34,101538.72,149851.94,-48313.22,Saturday,5,1,21,0,Banco Azteca+,operational
2025-06-22,ACC-004,MXN,25451711.48,0.0,715753.87,-715753.87,Sunday,6,1,22,0,Banco Azteca+,operational
2025-06-23,ACC-004,MXN,25650491.11,945573.11,746793.47,198779.64,Monday,0,0,23,0,Banco Azteca+,operational
2025-06-24,ACC-004,MXN,24654993.74,438270.7,1433768.08,-995497.3800000001,Tuesday,1,0,24,0,Banco Azteca+,operational
2025-06-25,ACC-004,MXN,24658097.58,565215.06,562111.21,3103.850000000093,Wednesday,2,0,25,0,Banco Azteca+,operational
2025-06-26,ACC-004,MXN,23431187.1,817186.64,2044097.1199999969,-1226910.4799999967,Thursday,3,0,26,0,Banco Azteca+,operational
2025-06-27,ACC-004,MXN,22140229.29,0.0,1290957.81,-1290957.81,Friday,4,0,27,0,Banco Azteca+,operational
2025-06-28,ACC-004,MXN,21712520.02,0.0,427709.26,-427709.26,Saturday,5,1,28,0,Banco Azteca+,operational
2025-06-29,ACC-004,MXN,22402813.78,1286520.76,596227.01,690293.75,Sunday,6,1,29,0,Banco Azteca+,operational
2025-06-30,ACC-004,MXN,22849351.96,786758.87,340220.69,446538.18,Monday,0,0,30,1,Banco Azteca+,operational
2025-07-01,ACC-004,MXN,22997719.67,706762.81,558395.1,148367.71000000008,Tuesday,1,0,1,0,Banco Azteca+,operational
2025-07-02,ACC-004,MXN,22609448.48,147661.5,535932.69,-388271.18999999994,Wednesday,2,0,2,0,Banco Azteca+,operational
2025-07-03,ACC-004,MXN,23219178.89,812842.11,203111.71,609730.4,Thursday,3,0,3,0,Banco Azteca+,operational
2025-07-04,ACC-004,MXN,23354118.2,134939.31,0.0,134939.31,Friday,4,0,4,0,Banco Azteca+,operational
2025-07-05,ACC-004,MXN,23227119.74,554000.57,680999.03,-126998.46000000008,Saturday,5,1,5,0,Banco Azteca+,operational
2025-07-06,ACC-004,MXN,22697418.27,440149.58,969851.05,-529701.47,Sunday,6,1,6,0,Banco Azteca+,operational
2025-07-07,ACC-004,MXN,22444925.4,740753.6,993246.47,-252492.87,Monday,0,0,7,0,Banco Azteca+,operational
2025-07-08,ACC-004,MXN,22666262.07,877936.01,656599.35,221336.66000000003,Tuesday,1,0,8,0,Banco Azteca+,operational
2025-07-09,ACC-004,MXN,20754380.24,319035.46,2230917.29,-1911881.83,Wednesday,2,0,9,0,Banco Azteca+,operational
2025-07-10,ACC-004,MXN,20846068.98,341232.53,249543.79,91688.74000000002,Thursday,3,0,10,0,Banco Azteca+,operational
2025-07-11,ACC-004,MXN,20918293.57,896804.03,824579.44,72224.59000000008,Friday,4,0,11,0,Banco Azteca+,operational
2025-07-12,ACC-004,MXN,19946004.01,0.0,972289.56,-972289.56,Saturday,5,1,12,0,Banco Azteca+,operational
2025-07-13,ACC-004,MXN,20128991.91,182987.89,0.0,182987.89,Sunday,6,1,13,0,Banco Azteca+,operational
2025-07-14,ACC-004,MXN,20428778.14,1321740.53,1021954.3,299786.23,Monday,0,0,14,0,Banco Azteca+,operational
2025-07-15,ACC-004,MXN,18685887.02,0.0,1742891.12,-1742891.12,Tuesday,1,0,15,0,Banco Azteca+,operational
2025-07-16,ACC-004,MXN,19023537.34,929883.01,592232.68,337650.32999999996,Wednesday,2,0,16,0,Banco Azteca+,operational
2025-07-17,ACC-004,MXN,19802125.65,1478253.73,699665.42,778588.3099999999,Thursday,3,0,17,0,Banco Azteca+,operational
2025-07-18,ACC-004,MXN,20138098.64,577380.63,241407.64,335972.99,Friday,4,0,18,0,Banco Azteca+,operational
2025-07-19,ACC-004,MXN,20185572.68,593178.03,545703.9900000009,47474.039999999106,Saturday,5,1,19,0,Banco Azteca+,operational
2025-07-20,ACC-004,MXN,20436689.369999997,251116.68,0.0,251116.68,Sunday,6,1,20,0,Banco Azteca+,operational
2025-07-21,ACC-004,MXN,20518269.75,692760.76,611180.38,81580.38,Monday,0,0,21,0,Banco Azteca+,operational
2025-07-22,ACC-004,MXN,20518269.75,0.0,0.0,0.0,Tuesday,1,0,22,0,Banco Azteca+,operational
2025-07-23,ACC-004,MXN,21481696.93,963427.18,0.0,963427.18,Wednesday,2,0,23,0,Banco Azteca+,operational
2025-07-24,ACC-004,MXN,21879211.59,776827.91,379313.24,397514.67000000004,Thursday,3,0,24,0,Banco Azteca+,operational
2025-07-25,ACC-004,MXN,23018056.16,1515078.48,376233.91,1138844.57,Friday,4,0,25,0,Banco Azteca+,operational
2025-07-26,ACC-004,MXN,23729128.61,731618.01,20545.57,711072.4400000001,Saturday,5,1,26,0,Banco Azteca+,operational
2025-07-27,ACC-004,MXN,23266584.98,365723.88,828267.51,-462543.63,Sunday,6,1,27,0,Banco Azteca+,operational
2025-07-28,ACC-004,MXN,22201596.19,375134.79,1440123.5799999991,-1064988.789999999,Monday,0,0,28,0,Banco Azteca+,operational
2025-07-29,ACC-004,MXN,21299129.68,4197.52,906664.02,-902466.5,Tuesday,1,0,29,0,Banco Azteca+,operational
2025-07-30,ACC-004,MXN,21424327.39,1228516.58,1103318.87,125197.70999999996,Wednesday,2,0,30,0,Banco Azteca+,operational
2025-07-31,ACC-004,MXN,23103920.23,1874486.1,194893.26,1679592.84,Thursday,3,0,31,1,Banco Azteca+,operational
2025-08-01,ACC-004,MXN,23053785.95,0.0,50134.28,-50134.28,Friday,4,0,1,0,Banco Azteca+,operational
2025-08-02,ACC-004,MXN,23147743.71,733416.48,639458.72,93957.76000000001,Saturday,5,1,2,0,Banco Azteca+,operational
2025-08-03,ACC-004,MXN,23496526.96,348783.25,0.0,348783.25,Sunday,6,1,3,0,Banco Azteca+,operational
2025-08-04,ACC-004,MXN,24741984.31,1245457.35,0.0,1245457.35,Monday,0,0,4,0,Banco Azteca+,operational
2025-08-05,ACC-004,MXN,23431780.82,1602500.9,2912704.4,-1310203.5,Tuesday,1,0,5,0,Banco Azteca+,operational
2025-08-06,ACC-004,MXN,23232617.479999997,960551.51,1159714.85,-199163.34000000008,Wednesday,2,0,6,0,Banco Azteca+,operational
2025-08-07,ACC-004,MXN,23586083.33,353465.85,0.0,353465.85,Thursday,3,0,7,0,Banco Azteca+,operational
2025-08-08,ACC-004,MXN,23867192.16,281108.83,0.0,281108.83,Friday,4,0,8,0,Banco Azteca+,operational
2025-08-09,ACC-004,MXN,22328455.23,0.0,1538736.93,-1538736.93,Saturday,5,1,9,0,Banco Azteca+,operational
2025-08-10,ACC-004,MXN,22239035.3,450719.42,540139.34,-89419.91999999998,Sunday,6,1,10,0,Banco Azteca+,operational
2025-08-11,ACC-004,MXN,22103721.04,461000.28,596314.5400000017,-135314.26000000164,Monday,0,0,11,0,Banco Azteca+,operational
2025-08-12,ACC-004,MXN,22720561.49,1302716.41,685875.95,616840.46,Tuesday,1,0,12,0,Banco Azteca+,operational
2025-08-13,ACC-004,MXN,23170450.13,1043346.77,593458.14,449888.63,Wednesday,2,0,13,0,Banco Azteca+,operational
2025-08-14,ACC-004,MXN,23627728.54,457278.41,0.0,457278.41,Thursday,3,0,14,0,Banco Azteca+,operational
2025-08-15,ACC-004,MXN,23057044.63,0.0,570683.91,-570683.91,Friday,4,0,15,0,Banco Azteca+,operational
2025-08-16,ACC-004,MXN,23372808.57,315763.94000000134,0.0,315763.94000000134,Saturday,5,1,16,0,Banco Azteca+,operational
2025-08-17,ACC-004,MXN,23292246.64,256300.47,336862.4,-80561.93000000002,Sunday,6,1,17,0,Banco Azteca+,operational
2025-08-18,ACC-004,MXN,23186354.02,0.0,105892.61,-105892.61,Monday,0,0,18,0,Banco Azteca+,operational
2025-08-19,ACC-004,MXN,23154035.84,978879.57,1011197.75,-32318.18000000005,Tuesday,1,0,19,0,Banco Azteca+,operational
2025-08-20,ACC-004,MXN,22303045.34,0.0,850990.5,-850990.5,Wednesday,2,0,20,0,Banco Azteca+,operational
2025-08-21,ACC-004,MXN,22422590.28,1353175.2,1233630.25,119544.94999999995,Thursday,3,0,21,0,Banco Azteca+,operational
2025-08-22,ACC-004,MXN,22628445.71,608581.08,402725.66,205855.41999999998,Friday,4,0,22,0,Banco Azteca+,operational
2025-08-23,ACC-004,MXN,22021220.57,0.0,607225.14,-607225.14,Saturday,5,1,23,0,Banco Azteca+,operational
2025-08-24,ACC-004,MXN,21716689.09,393147.48,697678.96,-304531.48,Sunday,6,1,24,0,Banco Azteca+,operational
2025-08-25,ACC-004,MXN,21225746.33,737416.55,1228359.3100000017,-490942.76000000164,Monday,0,0,25,0,Banco Azteca+,operational
2025-08-26,ACC-004,MXN,20743860.64,697006.3,1178891.99,-481885.68999999994,Tuesday,1,0,26,0,Banco Azteca+,operational
2025-08-27,ACC-004,MXN,21744969.35,1164242.6,163133.89,1001108.7100000001,Wednesday,2,0,27,0,Banco Azteca+,operational
2025-08-28,ACC-004,MXN,20042234.19,0.0,1702735.16,-1702735.16,Thursday,3,0,28,0,Banco Azteca+,operational
2025-08-29,ACC-004,MXN,20797821.64,755587.46,0.0,755587.46,Friday,4,0,29,0,Banco Azteca+,operational
2025-08-30,ACC-004,MXN,20050010.41,0.0,747811.23,-747811.23,Saturday,5,1,30,0,Banco Azteca+,operational
2025-08-31,ACC-004,MXN,20122384.830000002,72374.42,0.0,72374.42,Sunday,6,1,31,1,Banco Azteca+,operational
2025-09-01,ACC-004,MXN,21560030.03,1449344.06,11698.86,1437645.2,Monday,0,0,1,0,Banco Azteca+,operational
2025-09-02,ACC-004,MXN,20863938.7,130554.59,826645.92,-696091.3300000001,Tuesday,1,0,2,0,Banco Azteca+,operational
2025-09-03,ACC-004,MXN,20755933.53,870310.99,978316.16,-108005.17000000004,Wednesday,2,0,3,0,Banco Azteca+,operational
2025-09-04,ACC-004,MXN,21158179.02,1190085.89,787840.41,402245.47999999986,Thursday,3,0,4,0,Banco Azteca+,operational
2025-09-05,ACC-004,MXN,21591028.72,945379.56,512529.85,432849.7100000001,Friday,4,0,5,0,Banco Azteca+,operational
2025-09-06,ACC-004,MXN,21544714.32,299703.97,346018.37,-46314.40000000002,Saturday,5,1,6,0,Banco Azteca+,operational
2025-09-07,ACC-004,MXN,21167180.9,397563.41,775096.83,-377533.42,Sunday,6,1,7,0,Banco Azteca+,operational
2025-09-08,ACC-004,MXN,21449294.13,987541.5,705428.27,282113.23,Monday,0,0,8,0,Banco Azteca+,operational
2025-09-09,ACC-004,MXN,20842195.09,122823.39,729922.43,-607099.04,Tuesday,1,0,9,0,Banco Azteca+,operational
2025-09-10,ACC-004,MXN,20662202.29,607747.29,787740.0900000008,-179992.80000000075,Wednesday,2,0,10,0,Banco Azteca+,operational
2025-09-11,ACC-004,MXN,22313297.02,1987616.24,336521.5,1651094.74,Thursday,3,0,11,0,Banco Azteca+,operational
2025-09-12,ACC-004,MXN,21836122.89,952078.72,1429252.85,-477174.1300000001,Friday,4,0,12,0,Banco Azteca+,operational
2025-09-13,ACC-004,MXN,20351369.25,326232.93,1810986.57,-1484753.6400000001,Saturday,5,1,13,0,Banco Azteca+,operational
2025-09-14,ACC-004,MXN,4445848.055990842,13407.91,1097395.160620896,-1083987.250620896,Sunday,6,1,14,0,Banco Azteca+,operational
2025-09-15,ACC-004,MXN,4377300.056040549,120151.66,1022482.4003292918,-902330.7403292918,Monday,0,0,15,0,Banco Azteca+,operational
2025-09-16,ACC-004,MXN,4290099.405109662,734353.82,2692921.083281403,-1958567.263281403,Tuesday,1,0,16,0,Banco Azteca+,operational
2025-09-17,ACC-004,MXN,18628916.32,760156.4,1340280.97,-580124.57,Wednesday,2,0,17,0,Banco Azteca+,operational
2025-09-18,ACC-004,MXN,18724223.65,505794.46,410487.13,95307.33000000002,Thursday,3,0,18,0,Banco Azteca+,operational
2025-09-19,ACC-004,MXN,19984222.05,2080627.37,820628.97,1259998.4000000001,Friday,4,0,19,0,Banco Azteca+,operational
2025-09-20,ACC-004,MXN,19984222.05,0.0,0.0,0.0,Saturday,5,1,20,0,Banco Azteca+,operational
2025-09-21,ACC-004,MXN,19166925.71,0.0,817296.34,-817296.34,Sunday,6,1,21,0,Banco Azteca+,operational
2025-09-22,ACC-004,MXN,18845837.67,365488.0,686576.04,-321088.04000000004,Monday,0,0,22,0,Banco Azteca+,operational
2025-09-23,ACC-004,MXN,18358672.15,529468.9,1016634.42,-487165.52,Tuesday,1,0,23,0,Banco Azteca+,operational
2025-09-24,ACC-004,MXN,18443079.4,84407.25,0.0,84407.25,Wednesday,2,0,24,0,Banco Azteca+,operational
2025-09-25,ACC-004,MXN,18197789.04,677394.37,922684.73,-245290.36,Thursday,3,0,25,0,Banco Azteca+,operational
2025-09-26,ACC-004,MXN,18784842.09,727474.26,140421.2,587053.06,Friday,4,0,26,0,Banco Azteca+,operational
2025-09-27,ACC-004,MXN,19392053.57,607211.48,0.0,607211.48,Saturday,5,1,27,0,Banco Azteca+,operational
2025-01-01,ACC-005,MXN,150333622.32,3717692.03,3384069.71,333622.31999999983,Wednesday,2,0,1,0,Banco Azteca+,reserve
2025-01-02,ACC-005,MXN,151036788.01,6466087.15,5762921.460000003,703165.6899999976,Thursday,3,0,2,0,Banco Azteca+,reserve
2025-01-03,ACC-005,MXN,149764728.92,5444866.2,6716925.29,-1272059.0899999999,Friday,4,0,3,0,Banco Azteca+,reserve
2025-01-04,ACC-005,MXN,155774262.19,6009533.27,0.0,6009533.27,Saturday,5,1,4,0,Banco Azteca+,reserve
2025-01-05,ACC-005,MXN,155459284.3,719090.48,1034068.36,-314977.88,Sunday,6,1,5,0,Banco Azteca+,reserve
2025-01-06,ACC-005,MXN,155500890.84,3341100.43,3299493.89,41606.54000000004,Monday,0,0,6,0,Banco Azteca+,reserve
2025-01-07,ACC-005,MXN,156615755.49,4199063.54,3084198.89,1114864.65,Tuesday,1,0,7,0,Banco Azteca+,reserve
2025-01-08,ACC-005,MXN,156746285.4,5223201.8,5092671.89,130529.91000000015,Wednesday,2,0,8,0,Banco Azteca+,reserve
2025-01-09,ACC-005,MXN,156390941.9,5456383.13,5811726.62,-355343.4900000002,Thursday,3,0,9,0,Banco Azteca+,reserve
2025-01-10,ACC-005,MXN,157605185.87,5634776.35,4420532.39,1214243.96,Friday,4,0,10,0,Banco Azteca+,reserve
2025-01-11,ACC-005,MXN,160452658.13,5234294.23,2386821.98,2847472.2500000005,Saturday,5,1,11,0,Banco Azteca+,reserve
2025-01-12,ACC-005,MXN,159948694.29857254,0.0,445455.5,-445455.5,Sunday,6,1,12,0,Banco Azteca+,reserve
2025-01-13,ACC-005,MXN,156874521.43,2015285.93,5147967.14,-3132681.21,Monday,0,0,13,0,Banco Azteca+,reserve
2025-01-14,ACC-005,MXN,157104531.59,4515154.28,4285144.11,230010.16999999993,Tuesday,1,0,14,0,Banco Azteca+,reserve
2025-01-15,ACC-005,MXN,159087101.61,7872392.0,5889821.98,1982570.0199999996,Wednesday,2,0,15,0,Banco Azteca+,reserve
2025-01-16,ACC-005,MXN,161405274.07,5927741.89,3609569.43,2318172.4599999995,Thursday,3,0,16,0,Banco Azteca+,reserve
2025-01-17,ACC-005,MXN,159410384.95,3229485.67,5224374.79,-1994889.12,Friday,4,0,17,0,Banco Azteca+,reserve
2025-01-18,ACC-005,MXN,161599100.92,2188715.97,0.0,2188715.97,Saturday,5,1,18,0,Banco Azteca+,reserve
2025-01-19,ACC-005,MXN,161155706.75,1647814.68,2091208.85,-443394.17000000016,Sunday,6,1,19,0,Banco Azteca+,reserve
2025-01-20,ACC-005,MXN,161797495.25,4487946.04,3846157.55,641788.4900000002,Monday,0,0,20,0,Banco Azteca+,reserve
2025-01-21,ACC-005,MXN,160887099.59,3980970.45,4891366.1,-910395.6499999994,Tuesday,1,0,21,0,Banco Azteca+,reserve
2025-01-22,ACC-005,MXN,159738379.28,4972698.51,6121418.82,-1148720.3100000005,Wednesday,2,0,22,0,Banco Azteca+,reserve
2025-01-23,ACC-005,MXN,161615630.99,6518693.56,4641441.85,1877251.71,Thursday,3,0,23,0,Banco Azteca+,reserve
2025-01-24,ACC-005,MXN,159847860.04,4111249.22,5879020.17,-1767770.9499999997,Friday,4,0,24,0,Banco Azteca+,reserve
2025-01-25,ACC-005,MXN,161390464.38,2894596.85,1351992.51,1542604.34,Saturday,5,1,25,0,Banco Azteca+,reserve
2025-01-26,ACC-005,MXN,160956014.38,3212305.28,3646755.28,-434450.0,Sunday,6,1,26,0,Banco Azteca+,reserve
2025-01-27,ACC-005,MXN,159850834.95,6907727.479999993,8012906.91,-1105179.4300000072,Monday,0,0,27,0,Banco Azteca+,reserve
2025-01-28,ACC-005,MXN,158123943.44,3410551.62,5137443.12,-1726891.5,Tuesday,1,0,28,0,Banco Azteca+,reserve
2025-01-29,ACC-005,MXN,157980606.09,4761551.04,4904888.4,-143337.36000000034,Wednesday,2,0,29,0,Banco Azteca+,reserve
2025-01-30,ACC-005,MXN,158985835.24,3713708.69,2708479.54,1005229.1499999999,Thursday,3,0,30,0,Banco Azteca+,reserve
2025-01-31,ACC-005,MXN,160036787.42,4916922.25,3865970.06,1050952.19,Friday,4,0,31,1,Banco Azteca+,reserve
2025-02-01,ACC-005,MXN,161317140.97,2058062.65,777709.1,1280353.5499999998,Saturday,5,1,1,0,Banco Azteca+,reserve
2025-02-02,ACC-005,MXN,159101947.44257033,161868.29,2377061.81742967,-2215193.52742967,Sunday,6,1,2,0,Banco Azteca+,reserve
2025-02-03,ACC-005,MXN,158036865.95,5011105.43,6010425.92,-999320.4900000002,Monday,0,0,3,0,Banco Azteca+,reserve
2025-02-04,ACC-005,MXN,160737043.12,8195576.57,5495399.4,2700177.17,Tuesday,1,0,4,0,Banco Azteca+,reserve
2025-02-05,ACC-005,MXN,162927315.34,5601817.38,3411545.16,2190272.2199999997,Wednesday,2,0,5,0,Banco Azteca+,reserve
2025-02-06,ACC-005,MXN,157925875.44,2791095.72,7792535.61,-5001439.890000001,Thursday,3,0,6,0,Banco Azteca+,reserve
2025-02-07,ACC-005,MXN,157800267.98,3279362.74,3404970.2,-125607.45999999996,Friday,4,0,7,0,Banco Azteca+,reserve
2025-02-08,ACC-005,MXN,157754653.43,1831905.01,1877519.56,-45614.55000000005,Saturday,5,1,8,0,Banco Azteca+,reserve
2025-02-09,ACC-005,MXN,156685813.15,469309.83,1538150.12,-1068840.29,Sunday,6,1,9,0,Banco Azteca+,reserve
2025-02-10,ACC-005,MXN,159561576.5,6626831.73,3751068.38,2875763.3500000006,Monday,0,0,10,0,Banco Azteca+,reserve
2025-02-11,ACC-005,MXN,155514670.31,2563081.51,6609987.69,-4046906.1800000006,Tuesday,1,0,11,0,Banco Azteca+,reserve
2025-02-12,ACC-005,MXN,156934232.38,5431034.03,4011471.96,1419562.0700000003,Wednesday,2,0,12,0,Banco Azteca+,reserve
2025-02-13,ACC-005,MXN,155305971.2,2225065.31,3853326.49,-1628261.1800000002,Thursday,3,0,13,0,Banco Azteca+,reserve
2025-02-14,ACC-005,MXN,153100041.64,4574219.88,6780149.44,-2205929.5600000005,Friday,4,0,14,0,Banco Azteca+,reserve
2025-02-15,ACC-005,MXN,151519954.15,250193.06,1830280.56,-1580087.5,Saturday,5,1,15,0,Banco Azteca+,reserve
2025-02-16,ACC-005,MXN,154361172.48,2841218.33,0.0,2841218.33,Sunday,6,1,16,0,Banco Azteca+,reserve
2025-02-17,ACC-005,MXN,157473459.15,6226599.62,3114312.95,3112286.67,Monday,0,0,17,0,Banco Azteca+,reserve
2025-02-18,ACC-005,MXN,157292856.53,5247008.56,5427611.18,-180602.6200000001,Tuesday,1,0,18,0,Banco Azteca+,reserve
2025-02-19,ACC-005,MXN,157817683.04,6424762.61,5899936.1,524826.5100000007,Wednesday,2,0,19,0,Banco Azteca+,reserve
2025-02-20,ACC-005,MXN,154988783.32,982745.72,3811645.43,-2828899.71,Thursday,3,0,20,0,Banco Azteca+,reserve
2025-02-21,ACC-005,MXN,155195205.16,4863865.95,4657444.11,206421.83999999985,Friday,4,0,21,0,Banco Azteca+,reserve
2025-02-22,ACC-005,MXN,154587218.9,2603571.41,3211557.67,-607986.2599999998,Saturday,5,1,22,0,Banco Azteca+,reserve
2025-02-23,ACC-005,MXN,155735379.42,2795635.24,1647474.73,1148160.5100000002,Sunday,6,1,23,0,Banco Azteca+,reserve
2025-02-24,ACC-005,MXN,153257854.16,1796661.43,4274186.69,-2477525.2600000007,Monday,0,0,24,0,Banco Azteca+,reserve
2025-02-25,ACC-005,MXN,155260651.4,5235852.51,3233055.27,2002797.2399999998,Tuesday,1,0,25,0,Banco Azteca+,reserve
2025-02-26,ACC-005,MXN,154519874.0,5637940.8,6378718.2,-740777.4000000004,Wednesday,2,0,26,0,Banco Azteca+,reserve
2025-02-27,ACC-005,MXN,159141017.74,4831630.91,210487.18,4621143.73,Thursday,3,0,27,0,Banco Azteca+,reserve
2025-02-28,ACC-005,MXN,153787072.25,2740267.7,8094213.19,-5353945.49,Friday,4,0,28,1,Banco Azteca+,reserve
2025-03-01,ACC-005,MXN,154792012.65,1004940.4,0.0,1004940.4,Saturday,5,1,1,0,Banco Azteca+,reserve
2025-03-02,ACC-005,MXN,156559569.94,3769568.45,2002011.15,1767557.3000000003,Sunday,6,1,2,0,Banco Azteca+,reserve
2025-03-03,ACC-005,MXN,157542735.57,6426677.18,5443511.55,983165.6299999999,Monday,0,0,3,0,Banco Azteca+,reserve
2025-03-04,ACC-005,MXN,157378182.01,5448708.67,5613262.24,-164553.5700000003,Tuesday,1,0,4,0,Banco Azteca+,reserve
2025-03-05,ACC-005,MXN,154576941.43,5819039.89,8620280.46,-2801240.570000001,Wednesday,2,0,5,0,Banco Azteca+,reserve
2025-03-06,ACC-005,MXN,158211579.62,6138260.14,2503621.94,3634638.1999999997,Thursday,3,0,6,0,Banco Azteca+,reserve
2025-03-07,ACC-005,MXN,156795871.95,5453017.63,6868725.3,-1415707.67,Friday,4,0,7,0,Banco Azteca+,reserve
2025-03-08,ACC-005,MXN,159225119.47,3767335.68,1338088.16,2429247.5200000005,Saturday,5,1,8,0,Banco Azteca+,reserve
2025-03-09,ACC-005,MXN,159475424.62,3765585.62,3515280.47,250305.1499999999,Sunday,6,1,9,0,Banco Azteca+,reserve
2025-03-10,ACC-005,MXN,164455075.33,8886795.84,3907145.13,4979650.71,Monday,0,0,10,0,Banco Azteca+,reserve
2025-03-11,ACC-005,MXN,163795147.49,4099206.26,4759134.1,-659927.8399999999,Tuesday,1,0,11,0,Banco Azteca+,reserve
2025-03-12,ACC-005,MXN,164122407.9,4110894.33,3783633.92,327260.41000000015,Wednesday,2,0,12,0,Banco Azteca+,reserve
2025-03-13,ACC-005,MXN,159973432.76,389502.67,4538477.81,-4148975.1399999997,Thursday,3,0,13,0,Banco Azteca+,reserve
2025-03-14,ACC-005,MXN,161033384.58,5390077.75,4330125.93,1059951.8200000003,Friday,4,0,14,0,Banco Azteca+,reserve
2025-03-15,ACC-005,MXN,163999628.18,5049010.44,2082766.85,2966243.5900000003,Saturday,5,1,15,0,Banco Azteca+,reserve
2025-03-16,ACC-005,MXN,165556982.82,4085278.39,2527923.75,1557354.6400000001,Sunday,6,1,16,0,Banco Azteca+,reserve
2025-03-17,ACC-005,MXN,166131739.97,6334884.49,5760127.34,574757.1500000004,Monday,0,0,17,0,Banco Azteca+,reserve
2025-03-18,ACC-005,MXN,167980529.2,7257937.92,5409148.69,1848789.2299999995,Tuesday,1,0,18,0,Banco Azteca+,reserve
2025-03-19,ACC-005,MXN,167862586.33,5872802.07,5990744.93,-117942.8599999994,Wednesday,2,0,19,0,Banco Azteca+,reserve
2025-03-20,ACC-005,MXN,166363123.94,4551954.16,6051416.56,-1499462.3999999994,Thursday,3,0,20,0,Banco Azteca+,reserve
2025-03-21,ACC-005,MXN,170197433.25,8708088.48,4873779.17,3834309.3100000005,Friday,4,0,21,0,Banco Azteca+,reserve
2025-03-22,ACC-005,MXN,168634486.29,2756287.68,4319234.64,-1562946.9599999995,Saturday,5,1,22,0,Banco Azteca+,reserve
2025-03-23,ACC-005,MXN,170402681.05,3946474.1,2178279.35,1768194.75,Sunday,6,1,23,0,Banco Azteca+,reserve
2025-03-24,ACC-005,MXN,165120041.98,1050722.18,6333361.25,-5282639.07,Monday,0,0,24,0,Banco Azteca+,reserve
2025-03-25,ACC-005,MXN,158697844.1,1288804.43,7711002.309999995,-6422197.879999995,Tuesday,1,0,25,0,Banco Azteca+,reserve
2025-03-26,ACC-005,MXN,157062938.67,5029886.7,6664792.13,-1634905.4299999997,Wednesday,2,0,26,0,Banco Azteca+,reserve
2025-03-27,ACC-005,MXN,157770344.39,3295005.9,2587600.18,707405.7199999997,Thursday,3,0,27,0,Banco Azteca+,reserve
2025-03-28,ACC-005,MXN,157919213.05,5144503.42,4995634.76,148868.66000000015,Friday,4,0,28,0,Banco Azteca+,reserve
2025-03-29,ACC-005,MXN,156882943.85,1118793.15,2155062.36,-1036269.21,Saturday,5,1,29,0,Banco Azteca+,reserve
2025-03-30,ACC-005,MXN,159789844.15,6224230.22,3317329.93,2906900.2899999996,Sunday,6,1,30,0,Banco Azteca+,reserve
2025-03-31,ACC-005,MXN,159798731.2,6470687.51,6461800.46,8887.049999999814,Monday,0,0,31,1,Banco Azteca+,reserve
2025-04-01,ACC-005,MXN,162147027.59,7158123.670000016,4809827.28,2348296.3900000155,Tuesday,1,0,1,0,Banco Azteca+,reserve
2025-04-02,ACC-005,MXN,158920761.15207294,1532676.44,4882918.07,-3350241.6300000004,Wednesday,2,0,2,0,Banco Azteca+,reserve
2025-04-03,ACC-005,MXN,161308214.47,6052913.8,3541485.29,2511428.51,Thursday,3,0,3,0,Banco Azteca+,reserve
2025-04-04,ACC-005,MXN,161816986.69,4554753.67,4045981.44,508772.23,Friday,4,0,4,0,Banco Azteca+,reserve
2025-04-05,ACC-005,MXN,162905322.82,4372342.31,3284006.19,1088336.1199999996,Saturday,5,1,5,0,Banco Azteca+,reserve
2025-04-06,ACC-005,MXN,162823771.29,3016258.23,3097809.76,-81551.5299999998,Sunday,6,1,6,0,Banco Azteca+,reserve
2025-04-07,ACC-005,MXN,162115804.51,4824062.5,5532029.27,-707966.7699999996,Monday,0,0,7,0,Banco Azteca+,reserve
2025-04-08,ACC-005,MXN,163414769.39,2942102.62,1643137.74,1298964.8800000001,Tuesday,1,0,8,0,Banco Azteca+,reserve
2025-04-09,ACC-005,MXN,162803746.66,5147697.81,5758720.55,-611022.7400000002,Wednesday,2,0,9,0,Banco Azteca+,reserve
2025-04-10,ACC-005,MXN,161888673.61,6852840.42,7767913.47,-915073.0499999998,Thursday,3,0,10,0,Banco Azteca+,reserve
2025-04-11,ACC-005,MXN,165722233.14,7398309.93,3564750.4,3833559.53,Friday,4,0,11,0,Banco Azteca+,reserve
2025-04-12,ACC-005,MXN,164209853.15,1404885.32,2917265.31,-1512379.99,Saturday,5,1,12,0,Banco Azteca+,reserve
2025-04-13,ACC-005,MXN,165805653.49,6128155.19,4532354.85,1595800.3400000008,Sunday,6,1,13,0,Banco Azteca+,reserve
2025-04-14,ACC-005,MXN,167973040.32,6830193.38,4662806.56,2167386.8200000003,Monday,0,0,14,0,Banco Azteca+,reserve
2025-04-15,ACC-005,MXN,164828404.41,3555653.94,6700289.85,-3144635.9099999997,Tuesday,1,0,15,0,Banco Azteca+,reserve
2025-04-16,ACC-005,MXN,163077556.03,3130649.73,4881498.11,-1750848.3800000004,Wednesday,2,0,16,0,Banco Azteca+,reserve
2025-04-17,ACC-005,MXN,159966541.74,4705149.61,7816163.9,-3111014.29,Thursday,3,0,17,0,Banco Azteca+,reserve
2025-04-18,ACC-005,MXN,162981194.94,4231599.24,1216946.04,3014653.2,Friday,4,0,18,0,Banco Azteca+,reserve
2025-04-19,ACC-005,MXN,164812234.07,2777924.25,946885.13,1831039.12,Saturday,5,1,19,0,Banco Azteca+,reserve
2025-04-20,ACC-005,MXN,164893545.38,2048007.9500000023,1966696.64,81311.31000000238,Sunday,6,1,20,0,Banco Azteca+,reserve
2025-04-21,ACC-005,MXN,162809217.46,4495486.14,6579814.06,-2084327.92,Monday,0,0,21,0,Banco Azteca+,reserve
2025-04-22,ACC-005,MXN,160829700.53,2388631.21,4368148.14,-1979516.9299999997,Tuesday,1,0,22,0,Banco Azteca+,reserve
2025-04-23,ACC-005,MXN,162595807.96,5925027.14,4158919.71,1766107.4299999997,Wednesday,2,0,23,0,Banco Azteca+,reserve
2025-04-24,ACC-005,MXN,158567721.11,2262021.97,6290108.82,-4028086.85,Thursday,3,0,24,0,Banco Azteca+,reserve
2025-04-25,ACC-005,MXN,160102799.11,6537897.19,5002819.2,1535077.9900000002,Friday,4,0,25,0,Banco Azteca+,reserve
2025-04-26,ACC-005,MXN,156923205.95,0.0,3179593.15,-3179593.15,Saturday,5,1,26,0,Banco Azteca+,reserve
2025-04-27,ACC-005,MXN,154430011.19,0.0,2493194.76,-2493194.76,Sunday,6,1,27,0,Banco Azteca+,reserve
2025-04-28,ACC-005,MXN,154541780.62,3262389.85,3150620.42,111769.43000000017,Monday,0,0,28,0,Banco Azteca+,reserve
2025-04-29,ACC-005,MXN,153833032.76,3953317.81,4662065.67,-708747.8599999999,Tuesday,1,0,29,0,Banco Azteca+,reserve
2025-04-30,ACC-005,MXN,151628741.5,3623985.89,5828277.16,-2204291.27,Wednesday,2,0,30,1,Banco Azteca+,reserve
2025-05-01,ACC-005,MXN,149162863.55,3872492.86,6338370.81,-2465877.9499999997,Thursday,3,0,1,0,Banco Azteca+,reserve
2025-05-02,ACC-005,MXN,150324440.07,4894291.85,3732715.33,1161576.5199999996,Friday,4,0,2,0,Banco Azteca+,reserve
2025-05-03,ACC-005,MXN,150826614.07,502174.0,0.0,502174.0,Saturday,5,1,3,0,Banco Azteca+,reserve
2025-05-04,ACC-005,MXN,151679268.18,2248422.38,1395768.27,852654.1099999999,Sunday,6,1,4,0,Banco Azteca+,reserve
2025-05-05,ACC-005,MXN,148590349.22,952249.23,4041168.18,-3088918.95,Monday,0,0,5,0,Banco Azteca+,reserve
2025-05-06,ACC-005,MXN,144613014.08,3118860.87,7096196.01,-3977335.1399999997,Tuesday,1,0,6,0,Banco Azteca+,reserve
2025-05-07,ACC-005,MXN,143945729.41,1875950.95,2543235.62,-667284.6700000002,Wednesday,2,0,7,0,Banco Azteca+,reserve
2025-05-08,ACC-005,MXN,143302589.23,5916125.78,6559265.96,-643140.1799999997,Thursday,3,0,8,0,Banco Azteca+,reserve
2025-05-09,ACC-005,MXN,142854199.56,3231497.84,3679887.51,-448389.6699999999,Friday,4,0,9,0,Banco Azteca+,reserve
2025-05-10,ACC-005,MXN,145448768.1,2594568.54,8.381903171539307e-09,2594568.5399999917,Saturday,5,1,10,0,Banco Azteca+,reserve
2025-05-11,ACC-005,MXN,143995347.14,0.0,1453420.9600000083,-1453420.9600000083,Sunday,6,1,11,0,Banco Azteca+,reserve
2025-05-12,ACC-005,MXN,146566557.8,6551630.72,3980420.0599999735,2571210.660000026,Monday,0,0,12,0,Banco Azteca+,reserve
2025-05-13,ACC-005,MXN,144759608.35,4544936.32,6351885.76,-1806949.4399999995,Tuesday,1,0,13,0,Banco Azteca+,reserve
2025-05-14,ACC-005,MXN,148355050.82,7392706.34,3797263.88,3595442.46,Wednesday,2,0,14,0,Banco Azteca+,reserve
2025-05-15,ACC-005,MXN,145330251.64,4425673.39,7450472.58,-3024799.1900000004,Thursday,3,0,15,0,Banco Azteca+,reserve
2025-05-16,ACC-005,MXN,141333988.94,2147691.51,6143954.21,-3996262.7,Friday,4,0,16,0,Banco Azteca+,reserve
2025-05-17,ACC-005,MXN,139636867.5,256781.91,1953903.34,-1697121.4300000002,Saturday,5,1,17,0,Banco Azteca+,reserve
2025-05-18,ACC-005,MXN,140524109.76,1336856.77,449614.51,887242.26,Sunday,6,1,18,0,Banco Azteca+,reserve
2025-05-19,ACC-005,MXN,138473137.48,2834228.06,4885200.34,-2050972.2799999998,Monday,0,0,19,0,Banco Azteca+,reserve
2025-05-20,ACC-005,MXN,139754395.54,5532748.67,4251490.61,1281258.0599999996,Tuesday,1,0,20,0,Banco Azteca+,reserve
2025-05-21,ACC-005,MXN,138774632.11,4290618.09,5270381.52,-979763.4299999997,Wednesday,2,0,21,0,Banco Azteca+,reserve
2025-05-22,ACC-005,MXN,136122216.91,2814878.59,5467293.78,-2652415.1900000004,Thursday,3,0,22,0,Banco Azteca+,reserve
2025-05-23,ACC-005,MXN,133421166.63,5198974.5,7900024.78,-2701050.2800000003,Friday,4,0,23,0,Banco Azteca+,reserve
2025-05-24,ACC-005,MXN,133423805.18,1099251.4,1096612.85,2638.5499999998137,Saturday,5,1,24,0,Banco Azteca+,reserve
2025-05-25,ACC-005,MXN,133250169.71,2627069.19,2800704.6600000137,-173635.4700000137,Sunday,6,1,25,0,Banco Azteca+,reserve
2025-05-26,ACC-005,MXN,132807879.78,3284500.55,3726790.48,-442289.93000000017,Monday,0,0,26,0,Banco Azteca+,reserve
2025-05-27,ACC-005,MXN,134360025.5,4702900.79,3150755.07,1552145.7200000002,Tuesday,1,0,27,0,Banco Azteca+,reserve
2025-05-28,ACC-005,MXN,133419335.01,3479207.19,4419897.68,-940690.4899999998,Wednesday,2,0,28,0,Banco Azteca+,reserve
2025-05-29,ACC-005,MXN,135287922.57,5331354.82,3462767.27,1868587.5500000003,Thursday,3,0,29,0,Banco Azteca+,reserve
2025-05-30,ACC-005,MXN,135117747.95,1566114.01,1736288.62,-170174.6100000001,Friday,4,0,30,0,Banco Azteca+,reserve
2025-05-31,ACC-005,MXN,135117747.95,0.0,0.0,0.0,Saturday,5,1,31,1,Banco Azteca+,reserve
2025-06-01,ACC-005,MXN,136407135.26999998,1412506.399999993,123119.08,1289387.3199999928,Sunday,6,1,1,0,Banco Azteca+,reserve
2025-06-02,ACC-005,MXN,136231621.47,3133606.15,3309119.95,-175513.80000000028,Monday,0,0,2,0,Banco Azteca+,reserve
2025-06-03,ACC-005,MXN,133557378.13,3486837.64,6161080.98,-2674243.3400000003,Tuesday,1,0,3,0,Banco Azteca+,reserve
2025-06-04,ACC-005,MXN,134152801.2,4890801.19,4295378.12,595423.0700000003,Wednesday,2,0,4,0,Banco Azteca+,reserve
2025-06-05,ACC-005,MXN,133847209.67,3406104.37,3711695.89,-305591.52,Thursday,3,0,5,0,Banco Azteca+,reserve
2025-06-06,ACC-005,MXN,133236300.75,4454095.79,5065004.71,-610908.9199999999,Friday,4,0,6,0,Banco Azteca+,reserve
2025-06-07,ACC-005,MXN,131871830.11,389559.62,1754030.2600000007,-1364470.6400000006,Saturday,5,1,7,0,Banco Azteca+,reserve
2025-06-08,ACC-005,MXN,129904679.84,0.0,1967150.27,-1967150.27,Sunday,6,1,8,0,Banco Azteca+,reserve
2025-06-09,ACC-005,MXN,130998760.27,4887207.93,3793127.5,1094080.4299999997,Monday,0,0,9,0,Banco Azteca+,reserve
2025-06-10,ACC-005,MXN,134270802.03,6309590.65,3037548.89,3272041.7600000002,Tuesday,1,0,10,0,Banco Azteca+,reserve
2025-06-11,ACC-005,MXN,134342321.59,4320083.05,4248563.49,71519.55999999959,Wednesday,2,0,11,0,Banco Azteca+,reserve
2025-06-12,ACC-005,MXN,134092477.79,3895527.43,4145371.24,-249843.81000000006,Thursday,3,0,12,0,Banco Azteca+,reserve
2025-06-13,ACC-005,MXN,132830863.73,4166394.12,5428008.18,-1261614.0599999996,Friday,4,0,13,0,Banco Azteca+,reserve
2025-06-14,ACC-005,MXN,134557647.0,3424029.31,1697246.04,1726783.27,Saturday,5,1,14,0,Banco Azteca+,reserve
2025-06-15,ACC-005,MXN,136491352.1,2711761.89,778056.79,1933705.1,Sunday,6,1,15,0,Banco Azteca+,reserve
2025-06-16,ACC-005,MXN,138303884.88,5140203.52,3327670.73,1812532.7899999996,Monday,0,0,16,0,Banco Azteca+,reserve
2025-06-17,ACC-005,MXN,136478299.96,5657541.610000013,7483126.53,-1825584.919999987,Tuesday,1,0,17,0,Banco Azteca+,reserve
2025-06-18,ACC-005,MXN,139031071.43,3927730.98,1374959.52,2552771.46,Wednesday,2,0,18,0,Banco Azteca+,reserve
2025-06-19,ACC-005,MXN,136278328.42,3408940.46999998,6161683.48,-2752743.0100000203,Thursday,3,0,19,0,Banco Azteca+,reserve
2025-06-20,ACC-005,MXN,136420280.27,4842073.65,4700121.8,141951.85000000056,Friday,4,0,20,0,Banco Azteca+,reserve
2025-06-21,ACC-005,MXN,137026279.5,3013071.56,2407072.33,605999.23,Saturday,5,1,21,0,Banco Azteca+,reserve
2025-06-22,ACC-005,MXN,137325409.94,3312918.87,3013788.43,299130.43999999994,Sunday,6,1,22,0,Banco Azteca+,reserve
2025-06-23,ACC-005,MXN,138647722.31,6209443.68,4887131.31,1322312.37,Monday,0,0,23,0,Banco Azteca+,reserve
2025-06-24,ACC-005,MXN,140051373.1,5414553.21,4010902.4200000083,1403650.7899999917,Tuesday,1,0,24,0,Banco Azteca+,reserve
2025-06-25,ACC-005,MXN,136538564.71,3359187.07,6871995.46,-3512808.39,Wednesday,2,0,25,0,Banco Azteca+,reserve
2025-06-26,ACC-005,MXN,135461717.97,4391359.7,5468206.44,-1076846.7400000002,Thursday,3,0,26,0,Banco Azteca+,reserve
2025-06-27,ACC-005,MXN,136152919.05999997,4231471.89,3540270.8,691201.0899999999,Friday,4,0,27,0,Banco Azteca+,reserve
2025-06-28,ACC-005,MXN,134103802.49,1648788.5700000222,3697905.14,-2049116.569999978,Saturday,5,1,28,0,Banco Azteca+,reserve
2025-06-29,ACC-005,MXN,136457646.17,2353843.68,0.0,2353843.68,Sunday,6,1,29,0,Banco Azteca+,reserve
2025-06-30,ACC-005,MXN,133458937.2,3800011.87,6798720.83,-2998708.96,Monday,0,0,30,1,Banco Azteca+,reserve
2025-07-01,ACC-005,MXN,135309588.03,3718437.1,1867786.26,1850650.84,Tuesday,1,0,1,0,Banco Azteca+,reserve
2025-07-02,ACC-005,MXN,136677103.01,6620764.29,5253249.31,1367514.9800000004,Wednesday,2,0,2,0,Banco Azteca+,reserve
2025-07-03,ACC-005,MXN,136815700.26,4004621.54,3866024.29,138597.25,Thursday,3,0,3,0,Banco Azteca+,reserve
2025-07-04,ACC-005,MXN,138764414.61,5585298.38,3636584.02,1948714.3599999999,Friday,4,0,4,0,Banco Azteca+,reserve
2025-07-05,ACC-005,MXN,139494400.27,3258544.28,2528558.62,729985.6599999997,Saturday,5,1,5,0,Banco Azteca+,reserve
2025-07-06,ACC-005,MXN,139521137.33,2015250.39,1988513.33,26737.059999999823,Sunday,6,1,6,0,Banco Azteca+,reserve
2025-07-07,ACC-005,MXN,137539088.68,3941516.73,5923565.38,-1982048.65,Monday,0,0,7,0,Banco Azteca+,reserve
2025-07-08,ACC-005,MXN,138304606.89,2935988.02,2170469.8,765518.2200000002,Tuesday,1,0,8,0,Banco Azteca+,reserve
2025-07-09,ACC-005,MXN,138004764.99,4998937.2,5298779.11,-299841.91000000015,Wednesday,2,0,9,0,Banco Azteca+,reserve
2025-07-10,ACC-005,MXN,137828826.55,4802898.62,4978837.06,-175938.43999999948,Thursday,3,0,10,0,Banco Azteca+,reserve
2025-07-11,ACC-005,MXN,136025993.69,3693067.75,5495900.62,-1802832.87,Friday,4,0,11,0,Banco Azteca+,reserve
2025-07-12,ACC-005,MXN,136517803.06,1570341.03,1078531.66,491809.3700000001,Saturday,5,1,12,0,Banco Azteca+,reserve
2025-07-13,ACC-005,MXN,133224268.72,1212426.47,4505960.8,-3293534.33,Sunday,6,1,13,0,Banco Azteca+,reserve
2025-07-14,ACC-005,MXN,129980571.94,1685318.86,4929015.65,-3243696.79,Monday,0,0,14,0,Banco Azteca+,reserve
2025-07-15,ACC-005,MXN,127678775.77,1716899.82,4018695.99,-2301796.17,Tuesday,1,0,15,0,Banco Azteca+,reserve
2025-07-16,ACC-005,MXN,129531906.56,3276713.01,1423582.22,1853130.7899999998,Wednesday,2,0,16,0,Banco Azteca+,reserve
2025-07-17,ACC-005,MXN,130269041.1,4389885.0,3652750.46,737134.54,Thursday,3,0,17,0,Banco Azteca+,reserve
2025-07-18,ACC-005,MXN,126180189.75,1173455.26,5262306.62,-4088851.3600000003,Friday,4,0,18,0,Banco Azteca+,reserve
2025-07-19,ACC-005,MXN,126009697.39,3324855.8,3495348.15,-170492.3500000001,Saturday,5,1,19,0,Banco Azteca+,reserve
2025-07-20,ACC-005,MXN,126303171.84,1964436.29,1670961.85,293474.43999999994,Sunday,6,1,20,0,Banco Azteca+,reserve
2025-07-21,ACC-005,MXN,125603165.6,5466599.09,6166605.33,-700006.2400000002,Monday,0,0,21,0,Banco Azteca+,reserve
2025-07-22,ACC-005,MXN,127958358.48,5191893.14,2836700.27,2355192.8699999996,Tuesday,1,0,22,0,Banco Azteca+,reserve
2025-07-23,ACC-005,MXN,127397681.69,4096388.32,4657065.11,-560676.7900000005,Wednesday,2,0,23,0,Banco Azteca+,reserve
2025-07-24,ACC-005,MXN,124239521.66,1516520.38,4674680.41,-3158160.0300000003,Thursday,3,0,24,0,Banco Azteca+,reserve
2025-07-25,ACC-005,MXN,126019943.14999999,6551139.82,4770718.32,1780421.5,Friday,4,0,25,0,Banco Azteca+,reserve
2025-07-26,ACC-005,MXN,127545412.49,3369033.65,1843564.31,1525469.3399999999,Saturday,5,1,26,0,Banco Azteca+,reserve
2025-07-27,ACC-005,MXN,126863695.38,1437158.34,2118875.45,-681717.1100000001,Sunday,6,1,27,0,Banco Azteca+,reserve
2025-07-28,ACC-005,MXN,126797660.97,2770923.0200000037,2836957.43,-66034.40999999642,Monday,0,0,28,0,Banco Azteca+,reserve
2025-07-29,ACC-005,MXN,126409612.22,5409574.39,5797623.14,-388048.75,Tuesday,1,0,29,0,Banco Azteca+,reserve
2025-07-30,ACC-005,MXN,123680295.81,2539434.72,5268751.13,-2729316.4099999997,Wednesday,2,0,30,0,Banco Azteca+,reserve
2025-07-31,ACC-005,MXN,122905106.61,3602856.52,4378045.72,-775189.1999999997,Thursday,3,0,31,1,Banco Azteca+,reserve
2025-08-01,ACC-005,MXN,122002821.1,4252785.41,5155070.91,-902285.5,Friday,4,0,1,0,Banco Azteca+,reserve
2025-08-02,ACC-005,MXN,120285699.97,1564952.39,3282073.53,-1717121.14,Saturday,5,1,2,0,Banco Azteca+,reserve
2025-08-03,ACC-005,MXN,119810846.39,1815607.8,2290461.38,-474853.57999999984,Sunday,6,1,3,0,Banco Azteca+,reserve
2025-08-04,ACC-005,MXN,115986578.1,2595986.43,6420254.72,-3824268.2899999996,Monday,0,0,4,0,Banco Azteca+,reserve
2025-08-05,ACC-005,MXN,115472557.48,4024531.19,4538551.81,-514020.61999999965,Tuesday,1,0,5,0,Banco Azteca+,reserve
2025-08-06,ACC-005,MXN,114334594.15,1607163.44,2745126.77,-1137963.33,Wednesday,2,0,6,0,Banco Azteca+,reserve
2025-08-07,ACC-005,MXN,115193238.46,4845367.12,3986722.81,858644.31,Thursday,3,0,7,0,Banco Azteca+,reserve
2025-08-08,ACC-005,MXN,111562267.33,1251252.3,4882223.42,-3630971.12,Friday,4,0,8,0,Banco Azteca+,reserve
2025-08-09,ACC-005,MXN,109291863.86,732090.78,3002494.25,-2270403.4699999997,Saturday,5,1,9,0,Banco Azteca+,reserve
2025-08-10,ACC-005,MXN,108884705.37,1215505.12,1622663.61,-407158.49,Sunday,6,1,10,0,Banco Azteca+,reserve
2025-08-11,ACC-005,MXN,110927869.75,4550242.38,2507077.99,2043164.3899999997,Monday,0,0,11,0,Banco Azteca+,reserve
2025-08-12,ACC-005,MXN,109822641.71,2226492.28,3331720.32,-1105228.04,Tuesday,1,0,12,0,Banco Azteca+,reserve
2025-08-13,ACC-005,MXN,111973024.01,4203102.27,2052719.98,2150382.2899999996,Wednesday,2,0,13,0,Banco Azteca+,reserve
2025-08-14,ACC-005,MXN,108958983.94,1491441.94,4505482.0,-3014040.06,Thursday,3,0,14,0,Banco Azteca+,reserve
2025-08-15,ACC-005,MXN,108511432.41,2611770.48,3059322.01,-447551.5299999998,Friday,4,0,15,0,Banco Azteca+,reserve
2025-08-16,ACC-005,MXN,107859256.26,0.0,652176.16,-652176.16,Saturday,5,1,16,0,Banco Azteca+,reserve
2025-08-17,ACC-005,MXN,106761308.18,1286149.05,2384097.12,-1097948.07,Sunday,6,1,17,0,Banco Azteca+,reserve
2025-08-18,ACC-005,MXN,103954973.73,2379463.83,5185798.29,-2806334.46,Monday,0,0,18,0,Banco Azteca+,reserve
2025-08-19,ACC-005,MXN,103745541.65,2407019.18,2616451.26,-209432.0799999996,Tuesday,1,0,19,0,Banco Azteca+,reserve
2025-08-20,ACC-005,MXN,104913610.0,4707306.17,3539237.81,1168068.3599999999,Wednesday,2,0,20,0,Banco Azteca+,reserve
2025-08-21,ACC-005,MXN,104287389.48,2568259.23,3194479.75,-626220.52,Thursday,3,0,21,0,Banco Azteca+,reserve
2025-08-22,ACC-005,MXN,103960835.17,4539706.8,4866261.11,-326554.3100000005,Friday,4,0,22,0,Banco Azteca+,reserve
2025-08-23,ACC-005,MXN,103072636.03,398385.01,1286584.15,-888199.1399999999,Saturday,5,1,23,0,Banco Azteca+,reserve
2025-08-24,ACC-005,MXN,104099648.62,1329798.65,302786.06,1027012.5899999999,Sunday,6,1,24,0,Banco Azteca+,reserve
2025-08-25,ACC-005,MXN,103827940.3,3065021.51,3336729.83,-271708.3200000003,Monday,0,0,25,0,Banco Azteca+,reserve
2025-08-26,ACC-005,MXN,103550495.9,4298694.23,4576138.63,-277444.39999999944,Tuesday,1,0,26,0,Banco Azteca+,reserve
2025-08-27,ACC-005,MXN,103224046.48,2765616.91,3092066.33,-326449.4199999999,Wednesday,2,0,27,0,Banco Azteca+,reserve
2025-08-28,ACC-005,MXN,104307362.98,3782430.79,2699114.29,1083316.5,Thursday,3,0,28,0,Banco Azteca+,reserve
2025-08-29,ACC-005,MXN,104804436.21,3743215.91,3246142.68,497073.23,Friday,4,0,29,0,Banco Azteca+,reserve
2025-08-30,ACC-005,MXN,104707427.27,241680.52,338689.46,-97008.94000000003,Saturday,5,1,30,0,Banco Azteca+,reserve
2025-08-31,ACC-005,MXN,106302624.17,2771667.06,1176470.16,1595196.9000000001,Sunday,6,1,31,1,Banco Azteca+,reserve
2025-09-01,ACC-005,MXN,108379767.19,4932818.17,2855675.15,2077143.02,Monday,0,0,1,0,Banco Azteca+,reserve
2025-09-02,ACC-005,MXN,105885437.72,3567000.53,6061330.01,-2494329.48,Tuesday,1,0,2,0,Banco Azteca+,reserve
2025-09-03,ACC-005,MXN,106563557.45,2056944.55,1378824.82,678119.73,Wednesday,2,0,3,0,Banco Azteca+,reserve
2025-09-04,ACC-005,MXN,108602543.74,4567942.94,2528956.64,2038986.3000000003,Thursday,3,0,4,0,Banco Azteca+,reserve
2025-09-05,ACC-005,MXN,108999173.1,3235588.67,2838959.32,396629.3500000001,Friday,4,0,5,0,Banco Azteca+,reserve
2025-09-06,ACC-005,MXN,110240345.58,1600285.29,359112.81,1241172.48,Saturday,5,1,6,0,Banco Azteca+,reserve
2025-09-07,ACC-005,MXN,109457908.76,1124517.57,1906954.39,-782436.8199999998,Sunday,6,1,7,0,Banco Azteca+,reserve
2025-09-08,ACC-005,MXN,108901616.46,2180063.44,2736355.74,-556292.3000000003,Monday,0,0,8,0,Banco Azteca+,reserve
2025-09-09,ACC-005,MXN,109861510.81,2888742.97,1928848.62,959894.3500000001,Tuesday,1,0,9,0,Banco Azteca+,reserve
2025-09-10,ACC-005,MXN,109047044.23,2831613.44,3646080.02,-814466.5800000001,Wednesday,2,0,10,0,Banco Azteca+,reserve
2025-09-11,ACC-005,MXN,108689181.88,2835715.02,3193577.37,-357862.3500000001,Thursday,3,0,11,0,Banco Azteca+,reserve
2025-09-12,ACC-005,MXN,109162894.75,3239044.49,2765331.6199999955,473712.87000000477,Friday,4,0,12,0,Banco Azteca+,reserve
2025-09-13,ACC-005,MXN,108262393.05,2064338.64,2964840.34,-900501.7,Saturday,5,1,13,0,Banco Azteca+,reserve
2025-09-14,ACC-005,MXN,107147746.6,796399.3999999971,1911045.85,-1114646.450000003,Sunday,6,1,14,0,Banco Azteca+,reserve
2025-09-15,ACC-005,MXN,106285095.27,2957688.02,3820339.35,-862651.3300000001,Monday,0,0,15,0,Banco Azteca+,reserve
2025-09-16,ACC-005,MXN,107196086.06,4852743.12,3941752.33,910990.79,Tuesday,1,0,16,0,Banco Azteca+,reserve
2025-09-17,ACC-005,MXN,104593997.37,1314851.61,3916940.3,-2602088.6899999995,Wednesday,2,0,17,0,Banco Azteca+,reserve
2025-09-18,ACC-005,MXN,105906087.13,4427321.39,3115231.62,1312089.7699999996,Thursday,3,0,18,0,Banco Azteca+,reserve
2025-09-19,ACC-005,MXN,107479587.19,4231620.48,2658120.42,1573500.0600000005,Friday,4,0,19,0,Banco Azteca+,reserve
2025-09-20,ACC-005,MXN,105952120.6,0.0,1527466.59,-1527466.59,Saturday,5,1,20,0,Banco Azteca+,reserve
2025-09-21,ACC-005,MXN,104849975.93,0.0,1102144.67,-1102144.67,Sunday,6,1,21,0,Banco Azteca+,reserve
2025-09-22,ACC-005,MXN,107991915.72,4494753.08,1352813.28,3141939.8,Monday,0,0,22,0,Banco Azteca+,reserve
2025-09-23,ACC-005,MXN,107508690.18,1858004.37,2341229.91,-483225.54000000004,Tuesday,1,0,23,0,Banco Azteca+,reserve
2025-09-24,ACC-005,MXN,107618775.78,3157186.35,3047100.76,110085.59000000032,Wednesday,2,0,24,0,Banco Azteca+,reserve
2025-09-25,ACC-005,MXN,107882213.68,4734296.72,4470858.81,263437.91000000015,Thursday,3,0,25,0,Banco Azteca+,reserve
2025-09-26,ACC-005,MXN,108043651.47,3770777.83,3609340.04,161437.79000000004,Friday,4,0,26,0,Banco Azteca+,reserve
2025-09-27,ACC-005,MXN,109313393.57,1721383.63,451641.53,1269742.0999999999,Saturday,5,1,27,0,Banco Azteca+,reserve
2025-01-01,ACC-006,USD,226058.54,9428.79,3370.25,6058.540000000001,Wednesday,2,0,1,0,Banco Norte,reserve
2025-01-02,ACC-006,USD,224417.02,9614.42,11255.94,-1641.5200000000004,Thursday,3,0,2,0,Banco Norte,reserve
2025-01-03,ACC-006,USD,225271.19,7442.33,6588.17,854.1599999999999,Friday,4,0,3,0,Banco Norte,reserve
2025-01-04,ACC-006,USD,229327.12,4055.93,0.0,4055.93,Saturday,5,1,4,0,Banco Norte,reserve
2025-01-05,ACC-006,USD,230573.32,3791.67,2545.46,1246.21,Sunday,6,1,5,0,Banco Norte,reserve
2025-01-06,ACC-006,USD,227493.46,6742.1,9821.96,-3079.8599999999988,Monday,0,0,6,0,Banco Norte,reserve
2025-01-07,ACC-006,USD,230674.18,6569.670000000001,3388.95,3180.720000000001,Tuesday,1,0,7,0,Banco Norte,reserve
2025-01-08,ACC-006,USD,229489.81,6430.96,7615.32,-1184.3599999999997,Wednesday,2,0,8,0,Banco Norte,reserve
2025-01-09,ACC-006,USD,228869.09,7280.34,7901.060000000001,-620.7200000000012,Thursday,3,0,9,0,Banco Norte,reserve
2025-01-10,ACC-006,USD,235707.94,10434.26,3595.41,6838.85,Friday,4,0,10,0,Banco Norte,reserve
2025-01-11,ACC-006,USD,231579.88,3449.71,7577.76,-4128.05,Saturday,5,1,11,0,Banco Norte,reserve
2025-01-12,ACC-006,USD,227991.62,0.0,3588.26,-3588.26,Sunday,6,1,12,0,Banco Norte,reserve
2025-01-13,ACC-006,USD,226801.5,4837.83,6027.95,-1190.12,Monday,0,0,13,0,Banco Norte,reserve
2025-01-14,ACC-006,USD,223846.54,3725.87,6680.83,-2954.96,Tuesday,1,0,14,0,Banco Norte,reserve
2025-01-15,ACC-006,USD,233826.8,12897.78,2917.51,9980.27,Wednesday,2,0,15,0,Banco Norte,reserve
2025-01-16,ACC-006,USD,233823.26,2912.51,2916.05,-3.5399999999999636,Thursday,3,0,16,0,Banco Norte,reserve
2025-01-17,ACC-006,USD,241035.86,13073.36,5860.76,7212.6,Friday,4,0,17,0,Banco Norte,reserve
2025-01-18,ACC-006,USD,242206.61,2799.73,1628.98,1170.75,Saturday,5,1,18,0,Banco Norte,reserve
2025-01-19,ACC-006,USD,239960.69,0.0,2245.92,-2245.92,Sunday,6,1,19,0,Banco Norte,reserve
2025-01-20,ACC-006,USD,243318.36,16047.05,12689.38,3357.67,Monday,0,0,20,0,Banco Norte,reserve
2025-01-21,ACC-006,USD,237355.19,4186.52,10149.69,-5963.17,Tuesday,1,0,21,0,Banco Norte,reserve
2025-01-22,ACC-006,USD,240244.44,4160.16,1270.91,2889.25,Wednesday,2,0,22,0,Banco Norte,reserve
2025-01-23,ACC-006,USD,239257.34,10881.31,11868.41,-987.1000000000004,Thursday,3,0,23,0,Banco Norte,reserve
2025-01-24,ACC-006,USD,244219.24,10931.86,5969.95,4961.910000000001,Friday,4,0,24,0,Banco Norte,reserve
2025-01-25,ACC-006,USD,240666.31,2319.68,5872.61,-3552.93,Saturday,5,1,25,0,Banco Norte,reserve
2025-01-26,ACC-006,USD,243308.11,4301.29,1659.5,2641.79,Sunday,6,1,26,0,Banco Norte,reserve
2025-01-27,ACC-006,USD,236496.89,1390.24,8201.46,-6811.219999999999,Monday,0,0,27,0,Banco Norte,reserve
2025-01-28,ACC-006,USD,244100.02,10922.64,3319.51,7603.129999999999,Tuesday,1,0,28,0,Banco Norte,reserve
2025-01-29,ACC-006,USD,244736.7,9661.82,9025.14,636.6800000000003,Wednesday,2,0,29,0,Banco Norte,reserve
2025-01-30,ACC-006,USD,243799.99,10095.93,11032.64,-936.7099999999991,Thursday,3,0,30,0,Banco Norte,reserve
2025-01-31,ACC-006,USD,246685.95,4774.34,1888.38,2885.96,Friday,4,0,31,1,Banco Norte,reserve
2025-02-01,ACC-006,USD,241224.4,986.05,6447.61,-5461.5599999999995,Saturday,5,1,1,0,Banco Norte,reserve
2025-02-02,ACC-006,USD,241581.55,933.52,576.37,357.15,Sunday,6,1,2,0,Banco Norte,reserve
2025-02-03,ACC-006,USD,228147.21,647.38,14081.72,-13434.34,Monday,0,0,3,0,Banco Norte,reserve
2025-02-04,ACC-006,USD,227881.94,9670.18,9935.46,-265.27999999999884,Tuesday,1,0,4,0,Banco Norte,reserve
2025-02-05,ACC-006,USD,228762.76,10144.37,9263.54,880.8299999999999,Wednesday,2,0,5,0,Banco Norte,reserve
2025-02-06,ACC-006,USD,228028.78,6024.48,6758.46,-733.9800000000005,Thursday,3,0,6,0,Banco Norte,reserve
2025-02-07,ACC-006,USD,217098.32,5378.41,16308.87,-10930.460000000001,Friday,4,0,7,0,Banco Norte,reserve
2025-02-08,ACC-006,USD,220245.31,4415.49,1268.5,3146.99,Saturday,5,1,8,0,Banco Norte,reserve
2025-02-09,ACC-006,USD,224426.1,4180.8,0.0,4180.8,Sunday,6,1,9,0,Banco Norte,reserve
2025-02-10,ACC-006,USD,231267.42,11797.54,4956.22,6841.320000000001,Monday,0,0,10,0,Banco Norte,reserve
2025-02-11,ACC-006,USD,228845.27,8676.29,11098.45,-2422.16,Tuesday,1,0,11,0,Banco Norte,reserve
2025-02-12,ACC-006,USD,229384.08,8186.15,7647.33,538.8199999999997,Wednesday,2,0,12,0,Banco Norte,reserve
2025-02-13,ACC-006,USD,229156.68,6918.69,7146.09,-227.40000000000055,Thursday,3,0,13,0,Banco Norte,reserve
2025-02-14,ACC-006,USD,228261.09,4892.39,5787.98,-895.5899999999992,Friday,4,0,14,0,Banco Norte,reserve
2025-02-15,ACC-006,USD,233516.09,7805.13,2550.12,5255.01,Saturday,5,1,15,0,Banco Norte,reserve
2025-02-16,ACC-006,USD,232385.3,49.75,1180.55,-1130.8,Sunday,6,1,16,0,Banco Norte,reserve
2025-02-17,ACC-006,USD,233401.16,10807.21,9791.35,1015.8599999999988,Monday,0,0,17,0,Banco Norte,reserve
2025-02-18,ACC-006,USD,235797.66,8963.76,6567.25,2396.51,Tuesday,1,0,18,0,Banco Norte,reserve
2025-02-19,ACC-006,USD,239630.29,9101.89,5269.27,3832.619999999999,Wednesday,2,0,19,0,Banco Norte,reserve
2025-02-20,ACC-006,USD,234731.94,6255.74,11154.090000000006,-4898.350000000006,Thursday,3,0,20,0,Banco Norte,reserve
2025-02-21,ACC-006,USD,240798.07,10120.27,4054.14,6066.130000000001,Friday,4,0,21,0,Banco Norte,reserve
2025-02-22,ACC-006,USD,237323.23,0.0,3474.84,-3474.84,Saturday,5,1,22,0,Banco Norte,reserve
2025-02-23,ACC-006,USD,246315.87,8992.65,0.0,8992.65,Sunday,6,1,23,0,Banco Norte,reserve
2025-02-24,ACC-006,USD,251935.73,8417.84,2797.99,5619.85,Monday,0,0,24,0,Banco Norte,reserve
2025-02-25,ACC-006,USD,250411.89,5160.91,6684.76,-1523.8500000000004,Tuesday,1,0,25,0,Banco Norte,reserve
2025-02-26,ACC-006,USD,250336.59,5932.85,6008.15,-75.29999999999927,Wednesday,2,0,26,0,Banco Norte,reserve
2025-02-27,ACC-006,USD,251872.89,7537.16,6000.86,1536.3000000000002,Thursday,3,0,27,0,Banco Norte,reserve
2025-02-28,ACC-006,USD,242897.42,2030.89,11006.35,-8975.460000000001,Friday,4,0,28,1,Banco Norte,reserve
2025-03-01,ACC-006,USD,242374.09,5657.83,6181.16,-523.3299999999999,Saturday,5,1,1,0,Banco Norte,reserve
2025-03-02,ACC-006,USD,238184.94999999998,0.0,4189.14,-4189.14,Sunday,6,1,2,0,Banco Norte,reserve
2025-03-03,ACC-006,USD,243807.94999999998,9560.67,3937.67,5623.0,Monday,0,0,3,0,Banco Norte,reserve
2025-03-04,ACC-006,USD,243779.09,7347.79,7376.65,-28.859999999999673,Tuesday,1,0,4,0,Banco Norte,reserve
2025-03-05,ACC-006,USD,242990.42,14049.54,14838.21,-788.6699999999983,Wednesday,2,0,5,0,Banco Norte,reserve
2025-03-06,ACC-006,USD,227348.09,1223.37,16865.7,-15642.330000000002,Thursday,3,0,6,0,Banco Norte,reserve
2025-03-07,ACC-006,USD,220427.96,3699.32,10619.45,-6920.130000000001,Friday,4,0,7,0,Banco Norte,reserve
2025-03-08,ACC-006,USD,226281.97,5854.01,0.0,5854.01,Saturday,5,1,8,0,Banco Norte,reserve
2025-03-09,ACC-006,USD,228140.2,4389.65,2531.42,1858.2299999999996,Sunday,6,1,9,0,Banco Norte,reserve
2025-03-10,ACC-006,USD,228791.51,8741.18,8089.87,651.3100000000004,Monday,0,0,10,0,Banco Norte,reserve
2025-03-11,ACC-006,USD,232180.85,10969.43,7580.09,3389.34,Tuesday,1,0,11,0,Banco Norte,reserve
2025-03-12,ACC-006,USD,227314.56,6380.77,11247.06,-4866.289999999999,Wednesday,2,0,12,0,Banco Norte,reserve
2025-03-13,ACC-006,USD,226343.64,8798.42,9769.34,-970.9200000000001,Thursday,3,0,13,0,Banco Norte,reserve
2025-03-14,ACC-006,USD,227183.41,4533.93,3694.17,839.7600000000002,Friday,4,0,14,0,Banco Norte,reserve
2025-03-15,ACC-006,USD,227182.62,791.55,792.34,-0.7900000000000773,Saturday,5,1,15,0,Banco Norte,reserve
2025-03-16,ACC-006,USD,226354.13,5405.35,6233.84,-828.4899999999998,Sunday,6,1,16,0,Banco Norte,reserve
2025-03-17,ACC-006,USD,220516.28,6263.91,12101.75,-5837.84,Monday,0,0,17,0,Banco Norte,reserve
2025-03-18,ACC-006,USD,223796.7,11142.04,7861.62,3280.420000000001,Tuesday,1,0,18,0,Banco Norte,reserve
2025-03-19,ACC-006,USD,215301.59,3954.85,12449.96,-8495.109999999999,Wednesday,2,0,19,0,Banco Norte,reserve
2025-03-20,ACC-006,USD,214266.48,6261.99,7297.1,-1035.1100000000006,Thursday,3,0,20,0,Banco Norte,reserve
2025-03-21,ACC-006,USD,215606.24,5336.49999999998,3996.74,1339.7599999999802,Friday,4,0,21,0,Banco Norte,reserve
2025-03-22,ACC-006,USD,210799.73,0.0,4806.52,-4806.52,Saturday,5,1,22,0,Banco Norte,reserve
2025-03-23,ACC-006,USD,198479.75,52.49,12372.46,-12319.97,Sunday,6,1,23,0,Banco Norte,reserve
2025-03-24,ACC-006,USD,198592.81,2720.94,2607.88,113.05999999999995,Monday,0,0,24,0,Banco Norte,reserve
2025-03-25,ACC-006,USD,195159.61,7477.43,10910.63,-3433.199999999999,Tuesday,1,0,25,0,Banco Norte,reserve
2025-03-26,ACC-006,USD,193283.19,6043.87,7920.29,-1876.42,Wednesday,2,0,26,0,Banco Norte,reserve
2025-03-27,ACC-006,USD,189516.0,453.59,4220.79,-3767.2,Thursday,3,0,27,0,Banco Norte,reserve
2025-03-28,ACC-006,USD,191472.08,2633.47,677.39,1956.08,Friday,4,0,28,0,Banco Norte,reserve
2025-03-29,ACC-006,USD,194105.72,2633.64,0.0,2633.64,Saturday,5,1,29,0,Banco Norte,reserve
2025-03-30,ACC-006,USD,193185.25,0.0,920.47,-920.47,Sunday,6,1,30,0,Banco Norte,reserve
2025-03-31,ACC-006,USD,189241.3,3386.68,7330.63,-3943.9500000000003,Monday,0,0,31,1,Banco Norte,reserve
2025-04-01,ACC-006,USD,187193.09,6544.66,8592.88,-2048.2199999999993,Tuesday,1,0,1,0,Banco Norte,reserve
2025-04-02,ACC-006,USD,185728.03,7728.41,9193.46,-1465.0499999999993,Wednesday,2,0,2,0,Banco Norte,reserve
2025-04-03,ACC-006,USD,184505.8,5566.499999999989,6788.73,-1222.2300000000105,Thursday,3,0,3,0,Banco Norte,reserve
2025-04-04,ACC-006,USD,185160.4,6950.83,6296.23,654.6000000000004,Friday,4,0,4,0,Banco Norte,reserve
2025-04-05,ACC-006,USD,184832.43,1118.75,1446.73,-327.98,Saturday,5,1,5,0,Banco Norte,reserve
2025-04-06,ACC-006,USD,181297.64,0.0,3534.78,-3534.78,Sunday,6,1,6,0,Banco Norte,reserve
2025-04-07,ACC-006,USD,182482.86,5183.26,3998.05,1185.21,Monday,0,0,7,0,Banco Norte,reserve
2025-04-08,ACC-006,USD,183618.32,3661.76,2526.3,1135.46,Tuesday,1,0,8,0,Banco Norte,reserve
2025-04-09,ACC-006,USD,185730.55,8204.55,6092.32,2112.2299999999996,Wednesday,2,0,9,0,Banco Norte,reserve
2025-04-10,ACC-006,USD,180702.78,3168.19,8195.96,-5027.769999999999,Thursday,3,0,10,0,Banco Norte,reserve
2025-04-11,ACC-006,USD,182634.63,3901.96,1970.11,1931.8500000000001,Friday,4,0,11,0,Banco Norte,reserve
2025-04-12,ACC-006,USD,186757.57,4989.2800000000025,866.34,4122.940000000002,Saturday,5,1,12,0,Banco Norte,reserve
2025-04-13,ACC-006,USD,185345.13349623204,1095.62,2505.86,-1410.2400000000002,Sunday,6,1,13,0,Banco Norte,reserve
2025-04-14,ACC-006,USD,188097.57,8737.06,5986.82,2750.24,Monday,0,0,14,0,Banco Norte,reserve
2025-04-15,ACC-006,USD,182803.58,2259.66,7553.65,-5293.99,Tuesday,1,0,15,0,Banco Norte,reserve
2025-04-16,ACC-006,USD,175931.31,4154.24,11026.5,-6872.26,Wednesday,2,0,16,0,Banco Norte,reserve
2025-04-17,ACC-006,USD,181206.3,5274.98,0.0,5274.98,Thursday,3,0,17,0,Banco Norte,reserve
2025-04-18,ACC-006,USD,176529.64,6407.54,11084.2,-4676.660000000001,Friday,4,0,18,0,Banco Norte,reserve
2025-04-19,ACC-006,USD,175713.1,6291.31,7107.84,-816.5299999999997,Saturday,5,1,19,0,Banco Norte,reserve
2025-04-20,ACC-006,USD,171059.81,0.0,4653.28,-4653.28,Sunday,6,1,20,0,Banco Norte,reserve
2025-04-21,ACC-006,USD,168289.63,3279.23,6049.42,-2770.19,Monday,0,0,21,0,Banco Norte,reserve
2025-04-22,ACC-006,USD,166366.5,1835.32,3758.44,-1923.1200000000001,Tuesday,1,0,22,0,Banco Norte,reserve
2025-04-23,ACC-006,USD,162103.86,3303.4299999999857,7566.07,-4262.640000000014,Wednesday,2,0,23,0,Banco Norte,reserve
2025-04-24,ACC-006,USD,163053.54,6810.11,5860.43,949.6799999999994,Thursday,3,0,24,0,Banco Norte,reserve
2025-04-25,ACC-006,USD,160186.78,1588.74,4455.5,-2866.76,Friday,4,0,25,0,Banco Norte,reserve
2025-04-26,ACC-006,USD,156176.2,129.47,4140.05,-4010.5800000000004,Saturday,5,1,26,0,Banco Norte,reserve
2025-04-27,ACC-006,USD,156336.59,4634.18,4473.79,160.39000000000033,Sunday,6,1,27,0,Banco Norte,reserve
2025-04-28,ACC-006,USD,159255.66,2919.07,0.0,2919.07,Monday,0,0,28,0,Banco Norte,reserve
2025-04-29,ACC-006,USD,151320.14,556.69,8492.21,-7935.519999999999,Tuesday,1,0,29,0,Banco Norte,reserve
2025-04-30,ACC-006,USD,151810.72,3628.83,3138.25,490.5799999999999,Wednesday,2,0,30,1,Banco Norte,reserve
2025-05-01,ACC-006,USD,152366.73,8294.92,7738.92,556.0,Thursday,3,0,1,0,Banco Norte,reserve
2025-05-02,ACC-006,USD,152788.45,4626.88,4205.16,421.72000000000025,Friday,4,0,2,0,Banco Norte,reserve
2025-05-03,ACC-006,USD,151842.85,1530.71,2476.31,-945.5999999999999,Saturday,5,1,3,0,Banco Norte,reserve
2025-05-04,ACC-006,USD,154403.48,5466.45,2905.82,2560.6299999999997,Sunday,6,1,4,0,Banco Norte,reserve
2025-05-05,ACC-006,USD,153068.1,6313.63,7649.0,-1335.37,Monday,0,0,5,0,Banco Norte,reserve
2025-05-06,ACC-006,USD,148343.19,1906.44,6631.36,-4724.92,Tuesday,1,0,6,0,Banco Norte,reserve
2025-05-07,ACC-006,USD,152138.02,3794.84,0.0,3794.84,Wednesday,2,0,7,0,Banco Norte,reserve
2025-05-08,ACC-006,USD,149593.02,0.0,2545.0,-2545.0,Thursday,3,0,8,0,Banco Norte,reserve
2025-05-09,ACC-006,USD,150230.49,5679.8,5042.33,637.4700000000003,Friday,4,0,9,0,Banco Norte,reserve
2025-05-10,ACC-006,USD,146129.4,2218.23,6319.32,-4101.09,Saturday,5,1,10,0,Banco Norte,reserve
2025-05-11,ACC-006,USD,144319.08,0.0,1810.32,-1810.32,Sunday,6,1,11,0,Banco Norte,reserve
2025-05-12,ACC-006,USD,146283.35,4988.61,3024.34,1964.2699999999995,Monday,0,0,12,0,Banco Norte,reserve
2025-05-13,ACC-006,USD,149563.63,4450.66,1170.38,3280.2799999999997,Tuesday,1,0,13,0,Banco Norte,reserve
2025-05-14,ACC-006,USD,153956.73,7649.97,3256.86,4393.110000000001,Wednesday,2,0,14,0,Banco Norte,reserve
2025-05-15,ACC-006,USD,158415.03,9309.92,4851.62,4458.3,Thursday,3,0,15,0,Banco Norte,reserve
2025-05-16,ACC-006,USD,160667.75,7195.34,4942.62,2252.7200000000003,Friday,4,0,16,0,Banco Norte,reserve
2025-05-17,ACC-006,USD,161872.64,1853.92,649.03,1204.89,Saturday,5,1,17,0,Banco Norte,reserve
2025-05-18,ACC-006,USD,161260.26,2231.72,2844.1,-612.3800000000001,Sunday,6,1,18,0,Banco Norte,reserve
2025-05-19,ACC-006,USD,159343.16,2940.76,4857.86,-1917.0999999999995,Monday,0,0,19,0,Banco Norte,reserve
2025-05-20,ACC-006,USD,152069.71,3322.07,10595.52,-7273.450000000001,Tuesday,1,0,20,0,Banco Norte,reserve
2025-05-21,ACC-006,USD,148036.15,4357.41,8390.98,-4033.5699999999997,Wednesday,2,0,21,0,Banco Norte,reserve
2025-05-22,ACC-006,USD,146729.93,4006.7,5312.92,-1306.2200000000003,Thursday,3,0,22,0,Banco Norte,reserve
2025-05-23,ACC-006,USD,144512.2,1493.64,3711.37,-2217.7299999999996,Friday,4,0,23,0,Banco Norte,reserve
2025-05-24,ACC-006,USD,141415.01,2190.52,5287.71,-3097.19,Saturday,5,1,24,0,Banco Norte,reserve
2025-05-25,ACC-006,USD,138837.57,2167.86,4745.29,-2577.43,Sunday,6,1,25,0,Banco Norte,reserve
2025-05-26,ACC-006,USD,136505.09,5499.49,7831.97000000001,-2332.4800000000105,Monday,0,0,26,0,Banco Norte,reserve
2025-05-27,ACC-006,USD,131217.02,3974.26,9262.33,-5288.07,Tuesday,1,0,27,0,Banco Norte,reserve
2025-05-28,ACC-006,USD,131507.79,2981.13,2690.35,290.7800000000002,Wednesday,2,0,28,0,Banco Norte,reserve
2025-05-29,ACC-006,USD,124259.59,1558.26,8806.47,-7248.209999999999,Thursday,3,0,29,0,Banco Norte,reserve
2025-05-30,ACC-006,USD,126161.2,5255.15,3353.54,1901.6099999999997,Friday,4,0,30,0,Banco Norte,reserve
2025-05-31,ACC-006,USD,127122.54,3877.61,2916.26,961.3499999999999,Saturday,5,1,31,1,Banco Norte,reserve
2025-06-01,ACC-006,USD,132397.1,5274.56,0.0,5274.56,Sunday,6,1,1,0,Banco Norte,reserve
2025-06-02,ACC-006,USD,132523.86,3444.92,3318.16,126.76000000000022,Monday,0,0,2,0,Banco Norte,reserve
2025-06-03,ACC-006,USD,126227.63,52.32,6348.54,-6296.22,Tuesday,1,0,3,0,Banco Norte,reserve
2025-06-04,ACC-006,USD,124062.77,3274.86,5439.71,-2164.85,Wednesday,2,0,4,0,Banco Norte,reserve
2025-06-05,ACC-006,USD,128863.41,8113.28,3312.64,4800.639999999999,Thursday,3,0,5,0,Banco Norte,reserve
2025-06-06,ACC-006,USD,127562.24,3051.83,4353.0,-1301.17,Friday,4,0,6,0,Banco Norte,reserve
2025-06-07,ACC-006,USD,130433.59000000001,3419.78,548.43,2871.3500000000004,Saturday,5,1,7,0,Banco Norte,reserve
2025-06-08,ACC-006,USD,127026.37,330.72,3737.940000000016,-3407.2200000000157,Sunday,6,1,8,0,Banco Norte,reserve
2025-06-09,ACC-006,USD,131389.8,4532.25,168.83,4363.42,Monday,0,0,9,0,Banco Norte,reserve
2025-06-10,ACC-006,USD,125753.25,1526.63,7163.18,-5636.55,Tuesday,1,0,10,0,Banco Norte,reserve
2025-06-11,ACC-006,USD,127697.63,4530.75,2586.37,1944.38,Wednesday,2,0,11,0,Banco Norte,reserve
2025-06-12,ACC-006,USD,127090.47,3504.52,4111.68,-607.1600000000003,Thursday,3,0,12,0,Banco Norte,reserve
2025-06-13,ACC-006,USD,130828.19,5215.28,1477.5599999999986,3737.720000000001,Friday,4,0,13,0,Banco Norte,reserve
2025-06-14,ACC-006,USD,128617.93,0.0,2210.26,-2210.26,Saturday,5,1,14,0,Banco Norte,reserve
2025-06-15,ACC-006,USD,127219.16,1350.81,2749.58,-1398.77,Sunday,6,1,15,0,Banco Norte,reserve
2025-06-16,ACC-006,USD,123936.97,1470.32,4752.52,-3282.2000000000007,Monday,0,0,16,0,Banco Norte,reserve
2025-06-17,ACC-006,USD,124813.38,5747.42,4871.01,876.4099999999999,Tuesday,1,0,17,0,Banco Norte,reserve
2025-06-18,ACC-006,USD,125003.72,4004.85,3814.51,190.3399999999997,Wednesday,2,0,18,0,Banco Norte,reserve
2025-06-19,ACC-006,USD,123323.32,2184.72,3865.12,-1680.4,Thursday,3,0,19,0,Banco Norte,reserve
2025-06-20,ACC-006,USD,125627.12,6029.97,3726.16,2303.8100000000004,Friday,4,0,20,0,Banco Norte,reserve
2025-06-21,ACC-006,USD,124946.69,0.0,680.43,-680.43,Saturday,5,1,21,0,Banco Norte,reserve
2025-06-22,ACC-006,USD,125923.2,1875.79,899.28,976.51,Sunday,6,1,22,0,Banco Norte,reserve
2025-06-23,ACC-006,USD,125600.45,4694.36,5017.11,-322.75,Monday,0,0,23,0,Banco Norte,reserve
2025-06-24,ACC-006,USD,124342.1,5442.860000000009,6701.21,-1258.3499999999913,Tuesday,1,0,24,0,Banco Norte,reserve
2025-06-25,ACC-006,USD,127693.31,5587.67,2236.47,3351.2000000000003,Wednesday,2,0,25,0,Banco Norte,reserve
2025-06-26,ACC-006,USD,125852.42,2100.17,3941.05,-1840.88,Thursday,3,0,26,0,Banco Norte,reserve
2025-06-27,ACC-006,USD,126897.91,2923.85,1878.36,1045.49,Friday,4,0,27,0,Banco Norte,reserve
2025-06-28,ACC-006,USD,126858.87,682.03,721.07,-39.04000000000008,Saturday,5,1,28,0,Banco Norte,reserve
2025-06-29,ACC-006,USD,126079.84,243.86,1022.88,-779.02,Sunday,6,1,29,0,Banco Norte,reserve
2025-06-30,ACC-006,USD,127679.57,6011.08,4411.349999999989,1599.7300000000105,Monday,0,0,30,1,Banco Norte,reserve
2025-07-01,ACC-006,USD,131831.65,8564.38,4412.3,4152.079999999999,Tuesday,1,0,1,0,Banco Norte,reserve
2025-07-02,ACC-006,USD,130986.21,3381.35,4226.79,-845.44,Wednesday,2,0,2,0,Banco Norte,reserve
2025-07-03,ACC-006,USD,130373.01,4433.54,5046.74,-613.1999999999998,Thursday,3,0,3,0,Banco Norte,reserve
2025-07-04,ACC-006,USD,135826.58,7972.399999999992,2518.83,5453.569999999992,Friday,4,0,4,0,Banco Norte,reserve
2025-07-05,ACC-006,USD,137044.86,3380.14,2161.85,1218.29,Saturday,5,1,5,0,Banco Norte,reserve
2025-07-06,ACC-006,USD,133706.38,0.0,3338.48,-3338.48,Sunday,6,1,6,0,Banco Norte,reserve
2025-07-07,ACC-006,USD,137700.46,6553.53,2559.45,3994.08,Monday,0,0,7,0,Banco Norte,reserve
2025-07-08,ACC-006,USD,140970.34,4112.56,842.68,3269.8800000000006,Tuesday,1,0,8,0,Banco Norte,reserve
2025-07-09,ACC-006,USD,135810.47,1567.29,6727.17,-5159.88,Wednesday,2,0,9,0,Banco Norte,reserve
2025-07-10,ACC-006,USD,136847.49,3124.15,2087.13,1037.02,Thursday,3,0,10,0,Banco Norte,reserve
2025-07-11,ACC-006,USD,138117.17,4576.44,3306.76,1269.6799999999994,Friday,4,0,11,0,Banco Norte,reserve
2025-07-12,ACC-006,USD,135499.54,681.98,3299.6,-2617.62,Saturday,5,1,12,0,Banco Norte,reserve
2025-07-13,ACC-006,USD,135499.54,0.0,0.0,0.0,Sunday,6,1,13,0,Banco Norte,reserve
2025-07-14,ACC-006,USD,133571.39,4378.15,6306.3,-1928.1500000000005,Monday,0,0,14,0,Banco Norte,reserve
2025-07-15,ACC-006,USD,137117.49,6487.88,2941.79,3546.09,Tuesday,1,0,15,0,Banco Norte,reserve
2025-07-16,ACC-006,USD,140384.01,6041.49,2774.97,3266.52,Wednesday,2,0,16,0,Banco Norte,reserve
2025-07-17,ACC-006,USD,146336.25,8057.08,2104.84,5952.24,Thursday,3,0,17,0,Banco Norte,reserve
2025-07-18,ACC-006,USD,150400.66,7306.16,3241.74,4064.42,Friday,4,0,18,0,Banco Norte,reserve
2025-07-19,ACC-006,USD,153488.22,6346.71,3259.15,3087.56,Saturday,5,1,19,0,Banco Norte,reserve
2025-07-20,ACC-006,USD,152725.94,0.0,762.29,-762.29,Sunday,6,1,20,0,Banco Norte,reserve
2025-07-21,ACC-006,USD,151798.59,6371.38,7298.72,-927.3400000000001,Monday,0,0,21,0,Banco Norte,reserve
2025-07-22,ACC-006,USD,151232.29,4392.94,4959.24,-566.3000000000002,Tuesday,1,0,22,0,Banco Norte,reserve
2025-07-23,ACC-006,USD,152351.15,6257.28,5138.42,1118.8599999999997,Wednesday,2,0,23,0,Banco Norte,reserve
2025-07-24,ACC-006,USD,150948.31,1614.53,3017.37,-1402.84,Thursday,3,0,24,0,Banco Norte,reserve
2025-07-25,ACC-006,USD,148426.65,5060.81,7582.47,-2521.66,Friday,4,0,25,0,Banco Norte,reserve
2025-07-26,ACC-006,USD,150170.19,5378.94,3635.41,1743.5299999999997,Saturday,5,1,26,0,Banco Norte,reserve
2025-07-27,ACC-006,USD,149010.45,2449.18,3608.92,-1159.7400000000002,Sunday,6,1,27,0,Banco Norte,reserve
2025-07-28,ACC-006,USD,147564.63,2980.02,4425.84,-1445.8200000000002,Monday,0,0,28,0,Banco Norte,reserve
2025-07-29,ACC-006,USD,148209.37,2602.75,1958.01,644.74,Tuesday,1,0,29,0,Banco Norte,reserve
2025-07-30,ACC-006,USD,148242.05,5187.81,5155.12,32.69000000000051,Wednesday,2,0,30,0,Banco Norte,reserve
2025-07-31,ACC-006,USD,148260.3,5976.35,5958.1,18.25,Thursday,3,0,31,1,Banco Norte,reserve
2025-08-01,ACC-006,USD,147265.54,4987.43,5982.1899999999805,-994.7599999999802,Friday,4,0,1,0,Banco Norte,reserve
2025-08-02,ACC-006,USD,146141.37,1672.9,2797.07,-1124.17,Saturday,5,1,2,0,Banco Norte,reserve
2025-08-03,ACC-006,USD,143622.22,161.9,2681.05,-2519.15,Sunday,6,1,3,0,Banco Norte,reserve
2025-08-04,ACC-006,USD,146217.69,5748.66,3153.19,2595.47,Monday,0,0,4,0,Banco Norte,reserve
2025-08-05,ACC-006,USD,147406.66,4500.21,3311.24,1188.9700000000003,Tuesday,1,0,5,0,Banco Norte,reserve
2025-08-06,ACC-006,USD,148435.02,3258.04,2229.68,1028.3600000000001,Wednesday,2,0,6,0,Banco Norte,reserve
2025-08-07,ACC-006,USD,148583.65,7271.3300000000045,7122.7,148.63000000000466,Thursday,3,0,7,0,Banco Norte,reserve
2025-08-08,ACC-006,USD,145088.75,5655.32,9150.22,-3494.8999999999996,Friday,4,0,8,0,Banco Norte,reserve
2025-08-09,ACC-006,USD,137962.7,1329.2,8455.26,-7126.06,Saturday,5,1,9,0,Banco Norte,reserve
2025-08-10,ACC-006,USD,136853.36,1184.69,2294.03,-1109.3400000000001,Sunday,6,1,10,0,Banco Norte,reserve
2025-08-11,ACC-006,USD,135065.0354358649,3289.04,5143.62,-1854.58,Monday,0,0,11,0,Banco Norte,reserve
2025-08-12,ACC-006,USD,136651.58,5742.07,4089.28,1652.7899999999995,Tuesday,1,0,12,0,Banco Norte,reserve
2025-08-13,ACC-006,USD,139529.94,7741.42,4863.05,2878.37,Wednesday,2,0,13,0,Banco Norte,reserve
2025-08-14,ACC-006,USD,141719.47999999998,4752.01,2562.47,2189.5400000000004,Thursday,3,0,14,0,Banco Norte,reserve
2025-08-15,ACC-006,USD,142610.6,5141.23,4250.11,891.1199999999999,Friday,4,0,15,0,Banco Norte,reserve
2025-08-16,ACC-006,USD,142856.39,410.21,164.41,245.79999999999998,Saturday,5,1,16,0,Banco Norte,reserve
2025-08-17,ACC-006,USD,149031.87,7439.45,1263.97,6175.48,Sunday,6,1,17,0,Banco Norte,reserve
2025-08-18,ACC-006,USD,147037.61,1213.9,3208.16,-1994.2599999999998,Monday,0,0,18,0,Banco Norte,reserve
2025-08-19,ACC-006,USD,145424.09,4297.39,5910.91,-1613.5199999999995,Tuesday,1,0,19,0,Banco Norte,reserve
2025-08-20,ACC-006,USD,144867.51,5572.93,6129.51,-556.5799999999999,Wednesday,2,0,20,0,Banco Norte,reserve
2025-08-21,ACC-006,USD,142436.71,2944.74,5375.54,-2430.8,Thursday,3,0,21,0,Banco Norte,reserve
2025-08-22,ACC-006,USD,141603.99,2401.36,3234.08,-832.7199999999998,Friday,4,0,22,0,Banco Norte,reserve
2025-08-23,ACC-006,USD,141603.99,0.0,0.0,0.0,Saturday,5,1,23,0,Banco Norte,reserve
2025-08-24,ACC-006,USD,142288.5,3959.69,3275.18,684.5100000000002,Sunday,6,1,24,0,Banco Norte,reserve
2025-08-25,ACC-006,USD,144004.53,6353.18,4637.1500000000015,1716.0299999999988,Monday,0,0,25,0,Banco Norte,reserve
2025-08-26,ACC-006,USD,149198.99,5998.09,803.64,5194.45,Tuesday,1,0,26,0,Banco Norte,reserve
2025-08-27,ACC-006,USD,150435.78,6407.55,5170.76,1236.79,Wednesday,2,0,27,0,Banco Norte,reserve
2025-08-28,ACC-006,USD,150692.46,5928.17,5671.48,256.6900000000005,Thursday,3,0,28,0,Banco Norte,reserve
2025-08-29,ACC-006,USD,151546.1,2289.65,1436.01,853.6400000000001,Friday,4,0,29,0,Banco Norte,reserve
2025-08-30,ACC-006,USD,148522.06,199.92,3223.96,-3024.04,Saturday,5,1,30,0,Banco Norte,reserve
2025-08-31,ACC-006,USD,151841.74,3319.67,0.0,3319.67,Sunday,6,1,31,1,Banco Norte,reserve
2025-09-01,ACC-006,USD,150950.73,2320.67,3211.68,-891.0099999999998,Monday,0,0,1,0,Banco Norte,reserve
2025-09-02,ACC-006,USD,152923.84,3719.49,1746.38,1973.1099999999997,Tuesday,1,0,2,0,Banco Norte,reserve
2025-09-03,ACC-006,USD,151241.18,1325.73,3008.39,-1682.6599999999999,Wednesday,2,0,3,0,Banco Norte,reserve
2025-09-04,ACC-006,USD,153812.69,4732.91,2161.4,2571.5099999999998,Thursday,3,0,4,0,Banco Norte,reserve
2025-09-05,ACC-006,USD,150795.6,4347.2,7364.29,-3017.09,Friday,4,0,5,0,Banco Norte,reserve
2025-09-06,ACC-006,USD,149332.39,0.0,1463.22,-1463.22,Saturday,5,1,6,0,Banco Norte,reserve
2025-09-07,ACC-006,USD,152445.28,4087.43,974.54,3112.89,Sunday,6,1,7,0,Banco Norte,reserve
2025-09-08,ACC-006,USD,148168.05,3261.56,7538.79,-4277.23,Monday,0,0,8,0,Banco Norte,reserve
2025-09-09,ACC-006,USD,144736.41,3764.5,7196.14,-3431.6400000000003,Tuesday,1,0,9,0,Banco Norte,reserve
2025-09-10,ACC-006,USD,146122.57,5273.4,3887.23,1386.1699999999996,Wednesday,2,0,10,0,Banco Norte,reserve
2025-09-11,ACC-006,USD,146179.35,5435.08,5378.3,56.779999999999745,Thursday,3,0,11,0,Banco Norte,reserve
2025-09-12,ACC-006,USD,149327.83,6623.869999999981,3475.39,3148.479999999981,Friday,4,0,12,0,Banco Norte,reserve
2025-09-13,ACC-006,USD,149438.45,1884.23,1773.61,110.62000000000012,Saturday,5,1,13,0,Banco Norte,reserve
2025-09-14,ACC-006,USD,152810.12,3371.66,0.0,3371.66,Sunday,6,1,14,0,Banco Norte,reserve
2025-09-15,ACC-006,USD,153766.67,6915.37,5958.82,956.5500000000002,Monday,0,0,15,0,Banco Norte,reserve
2025-09-16,ACC-006,USD,147634.79,1575.51,7707.39,-6131.88,Tuesday,1,0,16,0,Banco Norte,reserve
2025-09-17,ACC-006,USD,150068.38,9376.49,6942.900000000003,2433.5899999999965,Wednesday,2,0,17,0,Banco Norte,reserve
2025-09-18,ACC-006,USD,152788.25,7714.23,4994.36,2719.87,Thursday,3,0,18,0,Banco Norte,reserve
2025-09-19,ACC-006,USD,152901.2,775.77,662.82,112.94999999999993,Friday,4,0,19,0,Banco Norte,reserve
2025-09-20,ACC-006,USD,154721.63,2419.85,599.42,1820.4299999999998,Saturday,5,1,20,0,Banco Norte,reserve
2025-09-21,ACC-006,USD,152886.81,0.0,1834.81,-1834.81,Sunday,6,1,21,0,Banco Norte,reserve
2025-09-22,ACC-006,USD,157324.38,5998.33,1560.77,4437.5599999999995,Monday,0,0,22,0,Banco Norte,reserve
2025-09-23,ACC-006,USD,152387.34,3660.44,8597.47,-4937.029999999999,Tuesday,1,0,23,0,Banco Norte,reserve
2025-09-24,ACC-006,USD,147636.55,2113.72,6864.5,-4750.780000000001,Wednesday,2,0,24,0,Banco Norte,reserve
2025-09-25,ACC-006,USD,145059.14,3355.64,5933.06,-2577.4200000000005,Thursday,3,0,25,0,Banco Norte,reserve
2025-09-26,ACC-006,USD,145543.73,6739.43,6254.84,484.59000000000015,Friday,4,0,26,0,Banco Norte,reserve
2025-09-27,ACC-006,USD,149275.09,3731.36,0.0,3731.36,Saturday,5,1,27,0,Banco Norte,reserve
